[2026-09-29 17:23:47] Primzahl: 2
[2026-09-29 17:23:47] Primzahl: 3
[2026-09-29 17:23:47] Zwilling: 3, 5
[2026-09-29 17:23:47] Primzahl: 5
[2026-09-29 17:23:47] Zwilling: 5, 7
[2026-09-29 17:23:47] Trilling: 5, 7, 11
[2026-09-29 17:23:47] Vierling: 5, 7, 11, 13
[2026-09-29 17:23:47] Primzahl: 7
[2026-09-29 17:23:47] Trilling: 7, 11, 13
[2026-09-29 17:23:47] Primzahl: 11
[2026-09-29 17:23:47] Zwilling: 11, 13
[2026-09-29 17:23:47] Trilling: 11, 13, 17
[2026-09-29 17:23:47] Vierling: 11, 13, 17, 19
[2026-09-29 17:23:47] Primzahl: 13
[2026-09-29 17:23:47] Trilling: 13, 17, 19
[2026-09-29 17:23:47] Primzahl: 17
[2026-09-29 17:23:47] Zwilling: 17, 19
[2026-09-29 17:23:47] Trilling: 17, 19, 23
[2026-09-29 17:23:47] Primzahl: 19
[2026-09-29 17:23:47] Primzahl: 23
[2026-09-29 17:23:47] Primzahl: 29
[2026-09-29 17:23:47] Zwilling: 29, 31
[2026-09-29 17:23:47] Primzahl: 31
[2026-09-29 17:23:47] Primzahl: 37
[2026-09-29 17:23:47] Trilling: 37, 41, 43
[2026-09-29 17:23:47] Primzahl: 41
[2026-09-29 17:23:47] Zwilling: 41, 43
[2026-09-29 17:23:47] Trilling: 41, 43, 47
[2026-09-29 17:23:47] Primzahl: 43
[2026-09-29 17:23:47] Primzahl: 47
[2026-09-29 17:23:47] Primzahl: 53
[2026-09-29 17:23:47] Primzahl: 59
[2026-09-29 17:23:47] Zwilling: 59, 61
[2026-09-29 17:23:47] Primzahl: 61
[2026-09-29 17:23:47] Primzahl: 67
[2026-09-29 17:23:47] Trilling: 67, 71, 73
[2026-09-29 17:23:47] Primzahl: 71
[2026-09-29 17:23:47] Zwilling: 71, 73
[2026-09-29 17:23:47] Primzahl: 73
[2026-09-29 17:23:47] Primzahl: 79
[2026-09-29 17:23:47] Primzahl: 83
[2026-09-29 17:23:47] Primzahl: 89
[2026-09-29 17:23:47] Primzahl: 97
[2026-09-29 17:23:47] Trilling: 97, 101, 103
[2026-09-29 17:23:47] Primzahl: 101
[2026-09-29 17:23:47] Zwilling: 101, 103
[2026-09-29 17:23:47] Trilling: 101, 103, 107
[2026-09-29 17:23:47] Vierling: 101, 103, 107, 109
[2026-09-29 17:23:47] Primzahl: 103
[2026-09-29 17:23:47] Trilling: 103, 107, 109
[2026-09-29 17:23:47] Primzahl: 107
[2026-09-29 17:23:47] Zwilling: 107, 109
[2026-09-29 17:23:47] Trilling: 107, 109, 113
[2026-09-29 17:23:47] Primzahl: 109
[2026-09-29 17:23:47] Primzahl: 113
[2026-09-29 17:23:47] Primzahl: 127
[2026-09-29 17:23:47] Primzahl: 131
[2026-09-29 17:23:47] Primzahl: 137
[2026-09-29 17:23:47] Zwilling: 137, 139
[2026-09-29 17:23:47] Primzahl: 139
[2026-09-29 17:23:47] Primzahl: 149
[2026-09-29 17:23:47] Zwilling: 149, 151
[2026-09-29 17:23:47] Primzahl: 151
[2026-09-29 17:23:47] Primzahl: 157
[2026-09-29 17:23:47] Primzahl: 163
[2026-09-29 17:23:47] Primzahl: 167
[2026-09-29 17:23:47] Primzahl: 173
[2026-09-29 17:23:47] Primzahl: 179
[2026-09-29 17:23:47] Zwilling: 179, 181
[2026-09-29 17:23:47] Primzahl: 181
[2026-09-29 17:23:47] Primzahl: 191
[2026-09-29 17:23:47] Zwilling: 191, 193
[2026-09-29 17:23:47] Trilling: 191, 193, 197
[2026-09-29 17:23:47] Vierling: 191, 193, 197, 199
[2026-09-29 17:23:47] Primzahl: 193
[2026-09-29 17:23:47] Trilling: 193, 197, 199
[2026-09-29 17:23:47] Primzahl: 197
[2026-09-29 17:23:47] Zwilling: 197, 199
[2026-09-29 17:23:47] Primzahl: 199
[2026-09-29 17:23:47] Primzahl: 211
[2026-09-29 17:23:47] Primzahl: 223
[2026-09-29 17:23:47] Trilling: 223, 227, 229
[2026-09-29 17:23:48] Primzahl: 227
[2026-09-29 17:23:48] Zwilling: 227, 229
[2026-09-29 17:23:48] Trilling: 227, 229, 233
[2026-09-29 17:23:48] Primzahl: 229
[2026-09-29 17:23:48] Primzahl: 233
[2026-09-29 17:23:48] Primzahl: 239
[2026-09-29 17:23:48] Zwilling: 239, 241
[2026-09-29 17:23:48] Primzahl: 241
[2026-09-29 17:23:48] Primzahl: 251
[2026-09-29 17:23:48] Primzahl: 257
[2026-09-29 17:23:48] Primzahl: 263
[2026-09-29 17:23:48] Primzahl: 269
[2026-09-29 17:23:48] Zwilling: 269, 271
[2026-09-29 17:23:48] Primzahl: 271
[2026-09-29 17:23:48] Primzahl: 277
[2026-09-29 17:23:48] Trilling: 277, 281, 283
[2026-09-29 17:23:48] Primzahl: 281
[2026-09-29 17:23:48] Zwilling: 281, 283
[2026-09-29 17:23:48] Primzahl: 283
[2026-09-29 17:23:48] Primzahl: 293
[2026-09-29 17:23:48] Primzahl: 307
[2026-09-29 17:23:48] Trilling: 307, 311, 313
[2026-09-29 17:23:48] Primzahl: 311
[2026-09-29 17:23:48] Zwilling: 311, 313
[2026-09-29 17:23:48] Trilling: 311, 313, 317
[2026-09-29 17:23:48] Primzahl: 313
[2026-09-29 17:23:48] Primzahl: 317
[2026-09-29 17:23:48] Primzahl: 331
[2026-09-29 17:23:48] Primzahl: 337
[2026-09-29 17:23:48] Primzahl: 347
[2026-09-29 17:23:48] Zwilling: 347, 349
[2026-09-29 17:23:48] Trilling: 347, 349, 353
[2026-09-29 17:23:48] Primzahl: 349
[2026-09-29 17:23:48] Primzahl: 353
[2026-09-29 17:23:48] Primzahl: 359
[2026-09-29 17:23:48] Primzahl: 367
[2026-09-29 17:23:48] Primzahl: 373
[2026-09-29 17:23:48] Primzahl: 379
[2026-09-29 17:23:48] Primzahl: 383
[2026-09-29 17:23:48] Primzahl: 389
[2026-09-29 17:23:48] Primzahl: 397
[2026-09-29 17:23:48] Primzahl: 401
[2026-09-29 17:23:48] Primzahl: 409
[2026-09-29 17:23:48] Primzahl: 419
[2026-09-29 17:23:48] Zwilling: 419, 421
[2026-09-29 17:23:48] Primzahl: 421
[2026-09-29 17:23:48] Primzahl: 431
[2026-09-29 17:23:48] Zwilling: 431, 433
[2026-09-29 17:23:48] Primzahl: 433
[2026-09-29 17:23:48] Primzahl: 439
[2026-09-29 17:23:48] Primzahl: 443
[2026-09-29 17:23:48] Primzahl: 449
[2026-09-29 17:23:48] Primzahl: 457
[2026-09-29 17:23:48] Trilling: 457, 461, 463
[2026-09-29 17:23:48] Primzahl: 461
[2026-09-29 17:23:48] Zwilling: 461, 463
[2026-09-29 17:23:48] Trilling: 461, 463, 467
[2026-09-29 17:23:48] Primzahl: 463
[2026-09-29 17:23:48] Primzahl: 467
[2026-09-29 17:23:48] Primzahl: 479
[2026-09-29 17:23:48] Primzahl: 487
[2026-09-29 17:23:48] Primzahl: 491
[2026-09-29 17:23:48] Primzahl: 499
[2026-09-29 17:23:48] Primzahl: 503
[2026-09-29 17:23:48] Primzahl: 509
[2026-09-29 17:23:48] Primzahl: 521
[2026-09-29 17:23:48] Zwilling: 521, 523
[2026-09-29 17:23:48] Primzahl: 523
[2026-09-29 17:23:48] Primzahl: 541
[2026-09-29 17:23:48] Primzahl: 547
[2026-09-29 17:23:48] Primzahl: 557
[2026-09-29 17:23:48] Primzahl: 563
[2026-09-29 17:23:48] Primzahl: 569
[2026-09-29 17:23:48] Zwilling: 569, 571
[2026-09-29 17:23:48] Primzahl: 571
[2026-09-29 17:23:48] Primzahl: 577
[2026-09-29 17:23:48] Primzahl: 587
[2026-09-29 17:23:48] Primzahl: 593
[2026-09-29 17:23:48] Primzahl: 599
[2026-09-29 17:23:48] Zwilling: 599, 601
[2026-09-29 17:23:48] Primzahl: 601
[2026-09-29 17:23:48] Primzahl: 607
[2026-09-29 17:23:48] Primzahl: 613
[2026-09-29 17:23:48] Trilling: 613, 617, 619
[2026-09-29 17:23:48] Primzahl: 617
[2026-09-29 17:23:48] Zwilling: 617, 619
[2026-09-29 17:23:48] Primzahl: 619
[2026-09-29 17:23:48] Primzahl: 631
[2026-09-29 17:23:48] Primzahl: 641
[2026-09-29 17:23:48] Zwilling: 641, 643
[2026-09-29 17:23:48] Trilling: 641, 643, 647
[2026-09-29 17:23:48] Primzahl: 643
[2026-09-29 17:23:48] Primzahl: 647
[2026-09-29 17:23:48] Primzahl: 653
[2026-09-29 17:23:48] Primzahl: 659
[2026-09-29 17:23:48] Zwilling: 659, 661
[2026-09-29 17:23:48] Primzahl: 661
[2026-09-29 17:23:48] Primzahl: 673
[2026-09-29 17:23:48] Primzahl: 677
[2026-09-29 17:23:48] Primzahl: 683
[2026-09-29 17:23:48] Primzahl: 691
[2026-09-29 17:23:48] Primzahl: 701
[2026-09-29 17:23:48] Primzahl: 709
[2026-09-29 17:23:48] Primzahl: 719
[2026-09-29 17:23:48] Primzahl: 727
[2026-09-29 17:23:48] Primzahl: 733
[2026-09-29 17:23:48] Primzahl: 739
[2026-09-29 17:23:48] Primzahl: 743
[2026-09-29 17:23:48] Primzahl: 751
[2026-09-29 17:23:48] Primzahl: 757
[2026-09-29 17:23:48] Primzahl: 761
[2026-09-29 17:23:48] Primzahl: 769
[2026-09-29 17:23:48] Primzahl: 773
[2026-09-29 17:23:48] Primzahl: 787
[2026-09-29 17:23:48] Primzahl: 797
[2026-09-29 17:23:48] Primzahl: 809
[2026-09-29 17:23:48] Zwilling: 809, 811
[2026-09-29 17:23:48] Primzahl: 811
[2026-09-29 17:23:48] Primzahl: 821
[2026-09-29 17:23:48] Zwilling: 821, 823
[2026-09-29 17:23:48] Trilling: 821, 823, 827
[2026-09-29 17:23:48] Vierling: 821, 823, 827, 829
[2026-09-29 17:23:48] Primzahl: 823
[2026-09-29 17:23:48] Trilling: 823, 827, 829
[2026-09-29 17:23:48] Primzahl: 827
[2026-09-29 17:23:48] Zwilling: 827, 829
[2026-09-29 17:23:48] Primzahl: 829
[2026-09-29 17:23:48] Primzahl: 839
[2026-09-29 17:23:49] Primzahl: 853
[2026-09-29 17:23:49] Trilling: 853, 857, 859
[2026-09-29 17:23:49] Primzahl: 857
[2026-09-29 17:23:49] Zwilling: 857, 859
[2026-09-29 17:23:49] Trilling: 857, 859, 863
[2026-09-29 17:23:49] Primzahl: 859
[2026-09-29 17:23:49] Primzahl: 863
[2026-09-29 17:23:49] Primzahl: 877
[2026-09-29 17:23:49] Trilling: 877, 881, 883
[2026-09-29 17:23:49] Primzahl: 881
[2026-09-29 17:23:49] Zwilling: 881, 883
[2026-09-29 17:23:49] Trilling: 881, 883, 887
[2026-09-29 17:23:49] Primzahl: 883
[2026-09-29 17:23:49] Primzahl: 887
[2026-09-29 17:23:49] Primzahl: 907
[2026-09-29 17:23:49] Primzahl: 911
[2026-09-29 17:23:49] Primzahl: 919
[2026-09-29 17:23:49] Primzahl: 929
[2026-09-29 17:23:49] Primzahl: 937
[2026-09-29 17:23:49] Primzahl: 941
[2026-09-29 17:23:49] Primzahl: 947
[2026-09-29 17:23:49] Primzahl: 953
[2026-09-29 17:23:49] Primzahl: 967
[2026-09-29 17:23:49] Primzahl: 971
[2026-09-29 17:23:49] Primzahl: 977
[2026-09-29 17:23:49] Primzahl: 983
[2026-09-29 17:23:49] Primzahl: 991
[2026-09-29 17:23:49] Primzahl: 997
[2026-09-29 17:23:49] Primzahl: 1009
[2026-09-29 17:23:49] Primzahl: 1013
[2026-09-29 17:23:49] Primzahl: 1019
[2026-09-29 17:23:49] Zwilling: 1019, 1021
[2026-09-29 17:23:49] Primzahl: 1021
[2026-09-29 17:23:49] Primzahl: 1031
[2026-09-29 17:23:49] Zwilling: 1031, 1033
[2026-09-29 17:23:49] Primzahl: 1033
[2026-09-29 17:23:49] Primzahl: 1039
[2026-09-29 17:23:49] Primzahl: 1049
[2026-09-29 17:23:49] Zwilling: 1049, 1051
[2026-09-29 17:23:49] Primzahl: 1051
[2026-09-29 17:23:49] Primzahl: 1061
[2026-09-29 17:23:49] Zwilling: 1061, 1063
[2026-09-29 17:23:49] Primzahl: 1063
[2026-09-29 17:23:49] Primzahl: 1069
[2026-09-29 17:23:49] Primzahl: 1087
[2026-09-29 17:23:49] Trilling: 1087, 1091, 1093
[2026-09-29 17:23:49] Primzahl: 1091
[2026-09-29 17:23:49] Zwilling: 1091, 1093
[2026-09-29 17:23:49] Trilling: 1091, 1093, 1097
[2026-09-29 17:23:49] Primzahl: 1093
[2026-09-29 17:23:49] Primzahl: 1097
[2026-09-29 17:23:49] Primzahl: 1103
[2026-09-29 17:23:49] Primzahl: 1109
[2026-09-29 17:23:49] Primzahl: 1117
[2026-09-29 17:23:49] Primzahl: 1123
[2026-09-29 17:23:49] Primzahl: 1129
[2026-09-29 17:23:49] Primzahl: 1151
[2026-09-29 17:23:49] Zwilling: 1151, 1153
[2026-09-29 17:23:49] Primzahl: 1153
[2026-09-29 17:23:49] Primzahl: 1163
[2026-09-29 17:23:49] Primzahl: 1171
[2026-09-29 17:23:49] Primzahl: 1181
[2026-09-29 17:23:49] Primzahl: 1187
[2026-09-29 17:23:49] Primzahl: 1193
[2026-09-29 17:23:49] Primzahl: 1201
[2026-09-29 17:23:49] Primzahl: 1213
[2026-09-29 17:23:49] Primzahl: 1217
[2026-09-29 17:23:49] Primzahl: 1223
[2026-09-29 17:23:49] Primzahl: 1229
[2026-09-29 17:23:49] Zwilling: 1229, 1231
[2026-09-29 17:23:49] Primzahl: 1231
[2026-09-29 17:23:49] Primzahl: 1237
[2026-09-29 17:23:49] Primzahl: 1249
[2026-09-29 17:23:49] Primzahl: 1259
[2026-09-29 17:23:49] Primzahl: 1277
[2026-09-29 17:23:49] Zwilling: 1277, 1279
[2026-09-29 17:23:49] Trilling: 1277, 1279, 1283
[2026-09-29 17:23:49] Primzahl: 1279
[2026-09-29 17:23:49] Primzahl: 1283
[2026-09-29 17:23:49] Primzahl: 1289
[2026-09-29 17:23:49] Zwilling: 1289, 1291
[2026-09-29 17:23:49] Primzahl: 1291
[2026-09-29 17:23:49] Primzahl: 1297
[2026-09-29 17:23:49] Trilling: 1297, 1301, 1303
[2026-09-29 17:23:49] Primzahl: 1301
[2026-09-29 17:23:49] Zwilling: 1301, 1303
[2026-09-29 17:23:49] Trilling: 1301, 1303, 1307
[2026-09-29 17:23:49] Primzahl: 1303
[2026-09-29 17:23:49] Primzahl: 1307
[2026-09-29 17:23:49] Primzahl: 1319
[2026-09-29 17:23:49] Zwilling: 1319, 1321
[2026-09-29 17:23:49] Primzahl: 1321
[2026-09-29 17:23:49] Primzahl: 1327
[2026-09-29 17:23:49] Primzahl: 1361
[2026-09-29 17:23:49] Primzahl: 1367
[2026-09-29 17:23:49] Primzahl: 1373
[2026-09-29 17:23:49] Primzahl: 1381
[2026-09-29 17:23:49] Primzahl: 1399
[2026-09-29 17:23:49] Primzahl: 1409
[2026-09-29 17:23:49] Primzahl: 1423
[2026-09-29 17:23:49] Trilling: 1423, 1427, 1429
[2026-09-29 17:23:49] Primzahl: 1427
[2026-09-29 17:23:49] Zwilling: 1427, 1429
[2026-09-29 17:23:49] Trilling: 1427, 1429, 1433
[2026-09-29 17:23:49] Primzahl: 1429
[2026-09-29 17:23:49] Primzahl: 1433
[2026-09-29 17:23:49] Primzahl: 1439
[2026-09-29 17:23:49] Primzahl: 1447
[2026-09-29 17:23:49] Trilling: 1447, 1451, 1453
[2026-09-29 17:23:49] Primzahl: 1451
[2026-09-29 17:23:49] Zwilling: 1451, 1453
[2026-09-29 17:23:49] Primzahl: 1453
[2026-09-29 17:23:49] Primzahl: 1459
[2026-09-29 17:23:50] Primzahl: 1471
[2026-09-29 17:23:50] Primzahl: 1481
[2026-09-29 17:23:50] Zwilling: 1481, 1483
[2026-09-29 17:23:50] Trilling: 1481, 1483, 1487
[2026-09-29 17:23:50] Vierling: 1481, 1483, 1487, 1489
[2026-09-29 17:23:50] Primzahl: 1483
[2026-09-29 17:23:50] Trilling: 1483, 1487, 1489
[2026-09-29 17:23:50] Primzahl: 1487
[2026-09-29 17:23:50] Zwilling: 1487, 1489
[2026-09-29 17:23:50] Trilling: 1487, 1489, 1493
[2026-09-29 17:23:50] Primzahl: 1489
[2026-09-29 17:23:50] Primzahl: 1493
[2026-09-29 17:23:50] Primzahl: 1499
[2026-09-29 17:23:50] Primzahl: 1511
[2026-09-29 17:23:50] Primzahl: 1523
[2026-09-29 17:23:50] Primzahl: 1531
[2026-09-29 17:23:50] Primzahl: 1543
[2026-09-29 17:23:50] Primzahl: 1549
[2026-09-29 17:23:50] Primzahl: 1553
[2026-09-29 17:23:50] Primzahl: 1559
[2026-09-29 17:23:50] Primzahl: 1567
[2026-09-29 17:23:50] Primzahl: 1571
[2026-09-29 17:23:50] Primzahl: 1579
[2026-09-29 17:23:50] Primzahl: 1583
[2026-09-29 17:23:50] Primzahl: 1597
[2026-09-29 17:23:50] Primzahl: 1601
[2026-09-29 17:23:50] Primzahl: 1607
[2026-09-29 17:23:50] Zwilling: 1607, 1609
[2026-09-29 17:23:50] Trilling: 1607, 1609, 1613
[2026-09-29 17:23:50] Primzahl: 1609
[2026-09-29 17:23:50] Primzahl: 1613
[2026-09-29 17:23:50] Primzahl: 1619
[2026-09-29 17:23:50] Zwilling: 1619, 1621
[2026-09-29 17:23:50] Primzahl: 1621
[2026-09-29 17:23:50] Primzahl: 1627
[2026-09-29 17:23:50] Primzahl: 1637
[2026-09-29 17:23:50] Primzahl: 1657
[2026-09-29 17:23:50] Primzahl: 1663
[2026-09-29 17:23:50] Trilling: 1663, 1667, 1669
[2026-09-29 17:23:50] Primzahl: 1667
[2026-09-29 17:23:50] Zwilling: 1667, 1669
[2026-09-29 17:23:50] Primzahl: 1669
[2026-09-29 17:23:50] Primzahl: 1693
[2026-09-29 17:23:50] Trilling: 1693, 1697, 1699
[2026-09-29 17:23:50] Primzahl: 1697
[2026-09-29 17:23:50] Zwilling: 1697, 1699
[2026-09-29 17:23:50] Primzahl: 1699
[2026-09-29 17:23:50] Primzahl: 1709
[2026-09-29 17:23:50] Primzahl: 1721
[2026-09-29 17:23:50] Zwilling: 1721, 1723
[2026-09-29 17:23:50] Primzahl: 1723
[2026-09-29 17:23:50] Primzahl: 1733
[2026-09-29 17:23:50] Primzahl: 1741
[2026-09-29 17:23:50] Primzahl: 1747
[2026-09-29 17:23:50] Primzahl: 1753
[2026-09-29 17:23:50] Primzahl: 1759
[2026-09-29 17:23:50] Primzahl: 1777
[2026-09-29 17:23:50] Primzahl: 1783
[2026-09-29 17:23:50] Trilling: 1783, 1787, 1789
[2026-09-29 17:23:50] Primzahl: 1787
[2026-09-29 17:23:50] Zwilling: 1787, 1789
[2026-09-29 17:23:50] Primzahl: 1789
[2026-09-29 17:23:50] Primzahl: 1801
[2026-09-29 17:23:50] Primzahl: 1811
[2026-09-29 17:23:50] Primzahl: 1823
[2026-09-29 17:23:50] Primzahl: 1831
[2026-09-29 17:23:50] Primzahl: 1847
[2026-09-29 17:23:50] Primzahl: 1861
[2026-09-29 17:23:50] Primzahl: 1867
[2026-09-29 17:23:50] Trilling: 1867, 1871, 1873
[2026-09-29 17:23:50] Primzahl: 1871
[2026-09-29 17:23:50] Zwilling: 1871, 1873
[2026-09-29 17:23:50] Trilling: 1871, 1873, 1877
[2026-09-29 17:23:50] Vierling: 1871, 1873, 1877, 1879
[2026-09-29 17:23:50] Primzahl: 1873
[2026-09-29 17:23:50] Trilling: 1873, 1877, 1879
[2026-09-29 17:23:50] Primzahl: 1877
[2026-09-29 17:23:50] Zwilling: 1877, 1879
[2026-09-29 17:23:50] Primzahl: 1879
[2026-09-29 17:23:50] Primzahl: 1889
[2026-09-29 17:23:50] Primzahl: 1901
[2026-09-29 17:23:50] Primzahl: 1907
[2026-09-29 17:23:50] Primzahl: 1913
[2026-09-29 17:23:50] Primzahl: 1931
[2026-09-29 17:23:50] Zwilling: 1931, 1933
[2026-09-29 17:23:50] Primzahl: 1933
[2026-09-29 17:23:50] Primzahl: 1949
[2026-09-29 17:23:50] Zwilling: 1949, 1951
[2026-09-29 17:23:50] Primzahl: 1951
[2026-09-29 17:23:50] Primzahl: 1973
[2026-09-29 17:23:50] Primzahl: 1979
[2026-09-29 17:23:50] Primzahl: 1987
[2026-09-29 17:23:50] Primzahl: 1993
[2026-09-29 17:23:50] Trilling: 1993, 1997, 1999
[2026-09-29 17:23:50] Primzahl: 1997
[2026-09-29 17:23:50] Zwilling: 1997, 1999
[2026-09-29 17:23:50] Trilling: 1997, 1999, 2003
[2026-09-29 17:23:50] Primzahl: 1999
[2026-09-29 17:23:50] Primzahl: 2003
[2026-09-29 17:23:51] Primzahl: 2011
[2026-09-29 17:23:51] Primzahl: 2017
[2026-09-29 17:23:51] Primzahl: 2027
[2026-09-29 17:23:51] Zwilling: 2027, 2029
[2026-09-29 17:23:51] Primzahl: 2029
[2026-09-29 17:23:51] Primzahl: 2039
[2026-09-29 17:23:51] Primzahl: 2053
[2026-09-29 17:23:51] Primzahl: 2063
[2026-09-29 17:23:51] Primzahl: 2069
[2026-09-29 17:23:51] Primzahl: 2081
[2026-09-29 17:23:51] Zwilling: 2081, 2083
[2026-09-29 17:23:51] Trilling: 2081, 2083, 2087
[2026-09-29 17:23:51] Vierling: 2081, 2083, 2087, 2089
[2026-09-29 17:23:51] Primzahl: 2083
[2026-09-29 17:23:51] Trilling: 2083, 2087, 2089
[2026-09-29 17:23:51] Primzahl: 2087
[2026-09-29 17:23:51] Zwilling: 2087, 2089
[2026-09-29 17:23:51] Primzahl: 2089
[2026-09-29 17:23:51] Primzahl: 2099
[2026-09-29 17:23:51] Primzahl: 2111
[2026-09-29 17:23:51] Zwilling: 2111, 2113
[2026-09-29 17:23:51] Primzahl: 2113
[2026-09-29 17:23:51] Primzahl: 2129
[2026-09-29 17:23:51] Zwilling: 2129, 2131
[2026-09-29 17:23:51] Primzahl: 2131
[2026-09-29 17:23:51] Primzahl: 2137
[2026-09-29 17:23:51] Trilling: 2137, 2141, 2143
[2026-09-29 17:23:51] Primzahl: 2141
[2026-09-29 17:23:51] Zwilling: 2141, 2143
[2026-09-29 17:23:51] Primzahl: 2143
[2026-09-29 17:23:51] Primzahl: 2153
[2026-09-29 17:23:51] Primzahl: 2161
[2026-09-29 17:23:51] Primzahl: 2179
[2026-09-29 17:23:51] Primzahl: 2203
[2026-09-29 17:23:51] Primzahl: 2207
[2026-09-29 17:23:51] Primzahl: 2213
[2026-09-29 17:23:51] Primzahl: 2221
[2026-09-29 17:23:51] Primzahl: 2237
[2026-09-29 17:23:51] Zwilling: 2237, 2239
[2026-09-29 17:23:51] Trilling: 2237, 2239, 2243
[2026-09-29 17:23:51] Primzahl: 2239
[2026-09-29 17:23:51] Primzahl: 2243
[2026-09-29 17:23:51] Primzahl: 2251
[2026-09-29 17:23:51] Primzahl: 2267
[2026-09-29 17:23:51] Zwilling: 2267, 2269
[2026-09-29 17:23:51] Trilling: 2267, 2269, 2273
[2026-09-29 17:23:51] Primzahl: 2269
[2026-09-29 17:23:51] Primzahl: 2273
[2026-09-29 17:23:51] Primzahl: 2281
[2026-09-29 17:23:51] Primzahl: 2287
[2026-09-29 17:23:51] Primzahl: 2293
[2026-09-29 17:23:51] Primzahl: 2297
[2026-09-29 17:23:51] Primzahl: 2309
[2026-09-29 17:23:51] Zwilling: 2309, 2311
[2026-09-29 17:23:51] Primzahl: 2311
[2026-09-29 17:23:51] Primzahl: 2333
[2026-09-29 17:23:51] Primzahl: 2339
[2026-09-29 17:23:51] Zwilling: 2339, 2341
[2026-09-29 17:23:51] Primzahl: 2341
[2026-09-29 17:23:51] Primzahl: 2347
[2026-09-29 17:23:51] Primzahl: 2351
[2026-09-29 17:23:51] Primzahl: 2357
[2026-09-29 17:23:51] Primzahl: 2371
[2026-09-29 17:23:51] Primzahl: 2377
[2026-09-29 17:23:51] Trilling: 2377, 2381, 2383
[2026-09-29 17:23:51] Primzahl: 2381
[2026-09-29 17:23:51] Zwilling: 2381, 2383
[2026-09-29 17:23:51] Primzahl: 2383
[2026-09-29 17:23:51] Primzahl: 2389
[2026-09-29 17:23:51] Primzahl: 2393
[2026-09-29 17:23:51] Primzahl: 2399
[2026-09-29 17:23:51] Primzahl: 2411
[2026-09-29 17:23:51] Primzahl: 2417
[2026-09-29 17:23:51] Primzahl: 2423
[2026-09-29 17:23:51] Primzahl: 2437
[2026-09-29 17:23:51] Primzahl: 2441
[2026-09-29 17:23:51] Primzahl: 2447
[2026-09-29 17:23:51] Primzahl: 2459
[2026-09-29 17:23:51] Primzahl: 2467
[2026-09-29 17:23:51] Primzahl: 2473
[2026-09-29 17:23:51] Primzahl: 2477
[2026-09-29 17:23:51] Primzahl: 2503
[2026-09-29 17:23:51] Primzahl: 2521
[2026-09-29 17:23:51] Primzahl: 2531
[2026-09-29 17:23:51] Primzahl: 2539
[2026-09-29 17:23:51] Primzahl: 2543
[2026-09-29 17:23:51] Primzahl: 2549
[2026-09-29 17:23:51] Zwilling: 2549, 2551
[2026-09-29 17:23:51] Primzahl: 2551
[2026-09-29 17:23:51] Primzahl: 2557
[2026-09-29 17:23:52] Primzahl: 2579
[2026-09-29 17:23:52] Primzahl: 2591
[2026-09-29 17:23:52] Zwilling: 2591, 2593
[2026-09-29 17:23:52] Primzahl: 2593
[2026-09-29 17:23:52] Primzahl: 2609
[2026-09-29 17:23:52] Primzahl: 2617
[2026-09-29 17:23:52] Primzahl: 2621
[2026-09-29 17:23:52] Primzahl: 2633
[2026-09-29 17:23:52] Primzahl: 2647
[2026-09-29 17:23:52] Primzahl: 2657
[2026-09-29 17:23:52] Zwilling: 2657, 2659
[2026-09-29 17:23:52] Trilling: 2657, 2659, 2663
[2026-09-29 17:23:52] Primzahl: 2659
[2026-09-29 17:23:52] Primzahl: 2663
[2026-09-29 17:23:52] Primzahl: 2671
[2026-09-29 17:23:52] Primzahl: 2677
[2026-09-29 17:23:52] Primzahl: 2683
[2026-09-29 17:23:52] Trilling: 2683, 2687, 2689
[2026-09-29 17:23:52] Primzahl: 2687
[2026-09-29 17:23:52] Zwilling: 2687, 2689
[2026-09-29 17:23:52] Trilling: 2687, 2689, 2693
[2026-09-29 17:23:52] Primzahl: 2689
[2026-09-29 17:23:52] Primzahl: 2693
[2026-09-29 17:23:52] Primzahl: 2699
[2026-09-29 17:23:52] Primzahl: 2707
[2026-09-29 17:23:52] Trilling: 2707, 2711, 2713
[2026-09-29 17:23:52] Primzahl: 2711
[2026-09-29 17:23:52] Zwilling: 2711, 2713
[2026-09-29 17:23:52] Primzahl: 2713
[2026-09-29 17:23:52] Primzahl: 2719
[2026-09-29 17:23:52] Primzahl: 2729
[2026-09-29 17:23:52] Zwilling: 2729, 2731
[2026-09-29 17:23:52] Primzahl: 2731
[2026-09-29 17:23:52] Primzahl: 2741
[2026-09-29 17:23:52] Primzahl: 2749
[2026-09-29 17:23:52] Primzahl: 2753
[2026-09-29 17:23:52] Primzahl: 2767
[2026-09-29 17:23:52] Primzahl: 2777
[2026-09-29 17:23:52] Primzahl: 2789
[2026-09-29 17:23:52] Zwilling: 2789, 2791
[2026-09-29 17:23:52] Primzahl: 2791
[2026-09-29 17:23:52] Primzahl: 2797
[2026-09-29 17:23:52] Trilling: 2797, 2801, 2803
[2026-09-29 17:23:52] Primzahl: 2801
[2026-09-29 17:23:52] Zwilling: 2801, 2803
[2026-09-29 17:23:52] Primzahl: 2803
[2026-09-29 17:23:52] Primzahl: 2819
[2026-09-29 17:23:52] Primzahl: 2833
[2026-09-29 17:23:52] Primzahl: 2837
[2026-09-29 17:23:52] Primzahl: 2843
[2026-09-29 17:23:52] Primzahl: 2851
[2026-09-29 17:23:52] Primzahl: 2857
[2026-09-29 17:23:52] Primzahl: 2861
[2026-09-29 17:23:52] Primzahl: 2879
[2026-09-29 17:23:52] Primzahl: 2887
[2026-09-29 17:23:52] Primzahl: 2897
[2026-09-29 17:23:52] Primzahl: 2903
[2026-09-29 17:23:52] Primzahl: 2909
[2026-09-29 17:23:52] Primzahl: 2917
[2026-09-29 17:23:52] Primzahl: 2927
[2026-09-29 17:23:52] Primzahl: 2939
[2026-09-29 17:23:52] Primzahl: 2953
[2026-09-29 17:23:52] Primzahl: 2957
[2026-09-29 17:23:52] Primzahl: 2963
[2026-09-29 17:23:52] Primzahl: 2969
[2026-09-29 17:23:52] Zwilling: 2969, 2971
[2026-09-29 17:23:52] Primzahl: 2971
[2026-09-29 17:23:52] Primzahl: 2999
[2026-09-29 17:23:52] Zwilling: 2999, 3001
[2026-09-29 17:23:52] Primzahl: 3001
[2026-09-29 17:23:52] Primzahl: 3011
[2026-09-29 17:23:52] Primzahl: 3019
[2026-09-29 17:23:52] Primzahl: 3023
[2026-09-29 17:23:52] Primzahl: 3037
[2026-09-29 17:23:52] Primzahl: 3041
[2026-09-29 17:23:52] Primzahl: 3049
[2026-09-29 17:23:52] Primzahl: 3061
[2026-09-29 17:23:52] Primzahl: 3067
[2026-09-29 17:23:52] Primzahl: 3079
[2026-09-29 17:23:52] Primzahl: 3083
[2026-09-29 17:23:52] Primzahl: 3089
[2026-09-29 17:23:52] Primzahl: 3109
[2026-09-29 17:23:53] Primzahl: 3119
[2026-09-29 17:23:53] Zwilling: 3119, 3121
[2026-09-29 17:23:53] Primzahl: 3121
[2026-09-29 17:23:53] Primzahl: 3137
[2026-09-29 17:23:53] Primzahl: 3163
[2026-09-29 17:23:53] Trilling: 3163, 3167, 3169
[2026-09-29 17:23:53] Primzahl: 3167
[2026-09-29 17:23:53] Zwilling: 3167, 3169
[2026-09-29 17:23:53] Primzahl: 3169
[2026-09-29 17:23:53] Primzahl: 3181
[2026-09-29 17:23:53] Primzahl: 3187
[2026-09-29 17:23:53] Primzahl: 3191
[2026-09-29 17:23:53] Primzahl: 3203
[2026-09-29 17:23:53] Primzahl: 3209
[2026-09-29 17:23:53] Primzahl: 3217
[2026-09-29 17:23:53] Primzahl: 3221
[2026-09-29 17:23:53] Primzahl: 3229
[2026-09-29 17:23:53] Primzahl: 3251
[2026-09-29 17:23:53] Zwilling: 3251, 3253
[2026-09-29 17:23:53] Trilling: 3251, 3253, 3257
[2026-09-29 17:23:53] Vierling: 3251, 3253, 3257, 3259
[2026-09-29 17:23:53] Primzahl: 3253
[2026-09-29 17:23:53] Trilling: 3253, 3257, 3259
[2026-09-29 17:23:53] Primzahl: 3257
[2026-09-29 17:23:53] Zwilling: 3257, 3259
[2026-09-29 17:23:53] Primzahl: 3259
[2026-09-29 17:23:53] Primzahl: 3271
[2026-09-29 17:23:53] Primzahl: 3299
[2026-09-29 17:23:53] Zwilling: 3299, 3301
[2026-09-29 17:23:53] Primzahl: 3301
[2026-09-29 17:23:53] Primzahl: 3307
[2026-09-29 17:23:53] Primzahl: 3313
[2026-09-29 17:23:53] Primzahl: 3319
[2026-09-29 17:23:53] Primzahl: 3323
[2026-09-29 17:23:53] Primzahl: 3329
[2026-09-29 17:23:53] Zwilling: 3329, 3331
[2026-09-29 17:23:53] Primzahl: 3331
[2026-09-29 17:23:53] Primzahl: 3343
[2026-09-29 17:23:53] Primzahl: 3347
[2026-09-29 17:23:53] Primzahl: 3359
[2026-09-29 17:23:53] Zwilling: 3359, 3361
[2026-09-29 17:23:53] Primzahl: 3361
[2026-09-29 17:23:53] Primzahl: 3371
[2026-09-29 17:23:53] Zwilling: 3371, 3373
[2026-09-29 17:23:53] Primzahl: 3373
[2026-09-29 17:23:53] Primzahl: 3389
[2026-09-29 17:23:53] Zwilling: 3389, 3391
[2026-09-29 17:23:53] Primzahl: 3391
[2026-09-29 17:23:53] Primzahl: 3407
[2026-09-29 17:23:53] Primzahl: 3413
[2026-09-29 17:23:53] Primzahl: 3433
[2026-09-29 17:23:53] Primzahl: 3449
[2026-09-29 17:23:53] Primzahl: 3457
[2026-09-29 17:23:53] Trilling: 3457, 3461, 3463
[2026-09-29 17:23:53] Primzahl: 3461
[2026-09-29 17:23:53] Zwilling: 3461, 3463
[2026-09-29 17:23:53] Trilling: 3461, 3463, 3467
[2026-09-29 17:23:53] Vierling: 3461, 3463, 3467, 3469
[2026-09-29 17:23:53] Primzahl: 3463
[2026-09-29 17:23:53] Trilling: 3463, 3467, 3469
[2026-09-29 17:23:53] Primzahl: 3467
[2026-09-29 17:23:53] Zwilling: 3467, 3469
[2026-09-29 17:23:53] Primzahl: 3469
[2026-09-29 17:23:53] Primzahl: 3491
[2026-09-29 17:23:53] Primzahl: 3499
[2026-09-29 17:23:53] Primzahl: 3511
[2026-09-29 17:23:53] Primzahl: 3517
[2026-09-29 17:23:53] Primzahl: 3527
[2026-09-29 17:23:53] Zwilling: 3527, 3529
[2026-09-29 17:23:53] Trilling: 3527, 3529, 3533
[2026-09-29 17:23:53] Primzahl: 3529
[2026-09-29 17:23:53] Primzahl: 3533
[2026-09-29 17:23:53] Primzahl: 3539
[2026-09-29 17:23:53] Zwilling: 3539, 3541
[2026-09-29 17:23:53] Primzahl: 3541
[2026-09-29 17:23:53] Primzahl: 3547
[2026-09-29 17:23:53] Primzahl: 3557
[2026-09-29 17:23:53] Zwilling: 3557, 3559
[2026-09-29 17:23:53] Primzahl: 3559
[2026-09-29 17:23:54] Primzahl: 3571
[2026-09-29 17:23:54] Primzahl: 3581
[2026-09-29 17:23:54] Zwilling: 3581, 3583
[2026-09-29 17:23:54] Primzahl: 3583
[2026-09-29 17:23:54] Primzahl: 3593
[2026-09-29 17:23:54] Primzahl: 3607
[2026-09-29 17:23:54] Primzahl: 3613
[2026-09-29 17:23:54] Primzahl: 3617
[2026-09-29 17:23:54] Primzahl: 3623
[2026-09-29 17:23:54] Primzahl: 3631
[2026-09-29 17:23:54] Primzahl: 3637
[2026-09-29 17:23:54] Primzahl: 3643
[2026-09-29 17:23:54] Primzahl: 3659
[2026-09-29 17:23:54] Primzahl: 3671
[2026-09-29 17:23:54] Zwilling: 3671, 3673
[2026-09-29 17:23:54] Trilling: 3671, 3673, 3677
[2026-09-29 17:23:54] Primzahl: 3673
[2026-09-29 17:23:54] Primzahl: 3677
[2026-09-29 17:23:54] Primzahl: 3691
[2026-09-29 17:23:54] Primzahl: 3697
[2026-09-29 17:23:54] Primzahl: 3701
[2026-09-29 17:23:54] Primzahl: 3709
[2026-09-29 17:23:54] Primzahl: 3719
[2026-09-29 17:23:54] Primzahl: 3727
[2026-09-29 17:23:54] Primzahl: 3733
[2026-09-29 17:23:54] Primzahl: 3739
[2026-09-29 17:23:54] Primzahl: 3761
[2026-09-29 17:23:54] Primzahl: 3767
[2026-09-29 17:23:54] Zwilling: 3767, 3769
[2026-09-29 17:23:54] Primzahl: 3769
[2026-09-29 17:23:54] Primzahl: 3779
[2026-09-29 17:23:54] Primzahl: 3793
[2026-09-29 17:23:54] Primzahl: 3797
[2026-09-29 17:23:54] Primzahl: 3803
[2026-09-29 17:23:54] Primzahl: 3821
[2026-09-29 17:23:54] Zwilling: 3821, 3823
[2026-09-29 17:23:54] Primzahl: 3823
[2026-09-29 17:23:54] Primzahl: 3833
[2026-09-29 17:23:54] Primzahl: 3847
[2026-09-29 17:23:54] Trilling: 3847, 3851, 3853
[2026-09-29 17:23:54] Primzahl: 3851
[2026-09-29 17:23:54] Zwilling: 3851, 3853
[2026-09-29 17:23:54] Primzahl: 3853
[2026-09-29 17:23:54] Primzahl: 3863
[2026-09-29 17:23:54] Primzahl: 3877
[2026-09-29 17:23:54] Primzahl: 3881
[2026-09-29 17:23:54] Primzahl: 3889
[2026-09-29 17:23:54] Primzahl: 3907
[2026-09-29 17:23:54] Primzahl: 3911
[2026-09-29 17:23:54] Primzahl: 3917
[2026-09-29 17:23:54] Zwilling: 3917, 3919
[2026-09-29 17:23:54] Trilling: 3917, 3919, 3923
[2026-09-29 17:23:54] Primzahl: 3919
[2026-09-29 17:23:54] Primzahl: 3923
[2026-09-29 17:23:54] Primzahl: 3929
[2026-09-29 17:23:54] Zwilling: 3929, 3931
[2026-09-29 17:23:54] Primzahl: 3931
[2026-09-29 17:23:54] Primzahl: 3943
[2026-09-29 17:23:54] Primzahl: 3947
[2026-09-29 17:23:54] Primzahl: 3967
[2026-09-29 17:23:54] Primzahl: 3989
[2026-09-29 17:23:54] Primzahl: 4001
[2026-09-29 17:23:54] Zwilling: 4001, 4003
[2026-09-29 17:23:54] Trilling: 4001, 4003, 4007
[2026-09-29 17:23:54] Primzahl: 4003
[2026-09-29 17:23:54] Primzahl: 4007
[2026-09-29 17:23:54] Primzahl: 4013
[2026-09-29 17:23:54] Primzahl: 4019
[2026-09-29 17:23:54] Zwilling: 4019, 4021
[2026-09-29 17:23:54] Primzahl: 4021
[2026-09-29 17:23:54] Primzahl: 4027
[2026-09-29 17:23:54] Primzahl: 4049
[2026-09-29 17:23:54] Zwilling: 4049, 4051
[2026-09-29 17:23:54] Primzahl: 4051
[2026-09-29 17:23:55] Primzahl: 4057
[2026-09-29 17:23:55] Primzahl: 4073
[2026-09-29 17:23:55] Primzahl: 4079
[2026-09-29 17:23:55] Primzahl: 4091
[2026-09-29 17:23:55] Zwilling: 4091, 4093
[2026-09-29 17:23:55] Primzahl: 4093
[2026-09-29 17:23:55] Primzahl: 4099
[2026-09-29 17:23:55] Primzahl: 4111
[2026-09-29 17:23:55] Primzahl: 4127
[2026-09-29 17:23:55] Zwilling: 4127, 4129
[2026-09-29 17:23:55] Trilling: 4127, 4129, 4133
[2026-09-29 17:23:55] Primzahl: 4129
[2026-09-29 17:23:55] Primzahl: 4133
[2026-09-29 17:23:55] Primzahl: 4139
[2026-09-29 17:23:55] Primzahl: 4153
[2026-09-29 17:23:55] Trilling: 4153, 4157, 4159
[2026-09-29 17:23:55] Primzahl: 4157
[2026-09-29 17:23:55] Zwilling: 4157, 4159
[2026-09-29 17:23:55] Primzahl: 4159
[2026-09-29 17:23:55] Primzahl: 4177
[2026-09-29 17:23:55] Primzahl: 4201
[2026-09-29 17:23:55] Primzahl: 4211
[2026-09-29 17:23:55] Primzahl: 4217
[2026-09-29 17:23:55] Zwilling: 4217, 4219
[2026-09-29 17:23:55] Primzahl: 4219
[2026-09-29 17:23:55] Primzahl: 4229
[2026-09-29 17:23:55] Zwilling: 4229, 4231
[2026-09-29 17:23:55] Primzahl: 4231
[2026-09-29 17:23:55] Primzahl: 4241
[2026-09-29 17:23:55] Zwilling: 4241, 4243
[2026-09-29 17:23:55] Primzahl: 4243
[2026-09-29 17:23:55] Primzahl: 4253
[2026-09-29 17:23:55] Primzahl: 4259
[2026-09-29 17:23:55] Zwilling: 4259, 4261
[2026-09-29 17:23:55] Primzahl: 4261
[2026-09-29 17:23:55] Primzahl: 4271
[2026-09-29 17:23:55] Zwilling: 4271, 4273
[2026-09-29 17:23:55] Primzahl: 4273
[2026-09-29 17:23:55] Primzahl: 4283
[2026-09-29 17:23:55] Primzahl: 4289
[2026-09-29 17:23:55] Primzahl: 4297
[2026-09-29 17:23:55] Primzahl: 4327
[2026-09-29 17:23:55] Primzahl: 4337
[2026-09-29 17:23:55] Zwilling: 4337, 4339
[2026-09-29 17:23:55] Primzahl: 4339
[2026-09-29 17:23:55] Primzahl: 4349
[2026-09-29 17:23:55] Primzahl: 4357
[2026-09-29 17:23:55] Primzahl: 4363
[2026-09-29 17:23:55] Primzahl: 4373
[2026-09-29 17:23:55] Primzahl: 4391
[2026-09-29 17:23:55] Primzahl: 4397
[2026-09-29 17:23:55] Primzahl: 4409
[2026-09-29 17:23:55] Primzahl: 4421
[2026-09-29 17:23:55] Zwilling: 4421, 4423
[2026-09-29 17:23:55] Primzahl: 4423
[2026-09-29 17:23:55] Primzahl: 4441
[2026-09-29 17:23:55] Primzahl: 4447
[2026-09-29 17:23:55] Primzahl: 4451
[2026-09-29 17:23:55] Primzahl: 4457
[2026-09-29 17:23:55] Primzahl: 4463
[2026-09-29 17:23:55] Primzahl: 4481
[2026-09-29 17:23:55] Zwilling: 4481, 4483
[2026-09-29 17:23:55] Primzahl: 4483
[2026-09-29 17:23:55] Primzahl: 4493
[2026-09-29 17:23:55] Primzahl: 4507
[2026-09-29 17:23:55] Primzahl: 4513
[2026-09-29 17:23:55] Trilling: 4513, 4517, 4519
[2026-09-29 17:23:56] Primzahl: 4517
[2026-09-29 17:23:56] Zwilling: 4517, 4519
[2026-09-29 17:23:56] Trilling: 4517, 4519, 4523
[2026-09-29 17:23:56] Primzahl: 4519
[2026-09-29 17:23:56] Primzahl: 4523
[2026-09-29 17:23:56] Primzahl: 4547
[2026-09-29 17:23:56] Zwilling: 4547, 4549
[2026-09-29 17:23:56] Primzahl: 4549
[2026-09-29 17:23:56] Primzahl: 4561
[2026-09-29 17:23:56] Primzahl: 4567
[2026-09-29 17:23:56] Primzahl: 4583
[2026-09-29 17:23:56] Primzahl: 4591
[2026-09-29 17:23:56] Primzahl: 4597
[2026-09-29 17:23:56] Primzahl: 4603
[2026-09-29 17:23:56] Primzahl: 4621
[2026-09-29 17:23:56] Primzahl: 4637
[2026-09-29 17:23:56] Zwilling: 4637, 4639
[2026-09-29 17:23:56] Trilling: 4637, 4639, 4643
[2026-09-29 17:23:56] Primzahl: 4639
[2026-09-29 17:23:56] Primzahl: 4643
[2026-09-29 17:23:56] Primzahl: 4649
[2026-09-29 17:23:56] Zwilling: 4649, 4651
[2026-09-29 17:23:56] Primzahl: 4651
[2026-09-29 17:23:56] Primzahl: 4657
[2026-09-29 17:23:56] Primzahl: 4663
[2026-09-29 17:23:56] Primzahl: 4673
[2026-09-29 17:23:56] Primzahl: 4679
[2026-09-29 17:23:56] Primzahl: 4691
[2026-09-29 17:23:56] Primzahl: 4703
[2026-09-29 17:23:56] Primzahl: 4721
[2026-09-29 17:23:56] Zwilling: 4721, 4723
[2026-09-29 17:23:56] Primzahl: 4723
[2026-09-29 17:23:56] Primzahl: 4729
[2026-09-29 17:23:56] Primzahl: 4733
[2026-09-29 17:23:56] Primzahl: 4751
[2026-09-29 17:23:56] Primzahl: 4759
[2026-09-29 17:23:56] Primzahl: 4783
[2026-09-29 17:23:56] Trilling: 4783, 4787, 4789
[2026-09-29 17:23:56] Primzahl: 4787
[2026-09-29 17:23:56] Zwilling: 4787, 4789
[2026-09-29 17:23:56] Trilling: 4787, 4789, 4793
[2026-09-29 17:23:56] Primzahl: 4789
[2026-09-29 17:23:56] Primzahl: 4793
[2026-09-29 17:23:56] Primzahl: 4799
[2026-09-29 17:23:56] Zwilling: 4799, 4801
[2026-09-29 17:23:56] Primzahl: 4801
[2026-09-29 17:23:56] Primzahl: 4813
[2026-09-29 17:23:56] Primzahl: 4817
[2026-09-29 17:23:56] Primzahl: 4831
[2026-09-29 17:23:56] Primzahl: 4861
[2026-09-29 17:23:56] Primzahl: 4871
[2026-09-29 17:23:56] Primzahl: 4877
[2026-09-29 17:23:56] Primzahl: 4889
[2026-09-29 17:23:56] Primzahl: 4903
[2026-09-29 17:23:56] Primzahl: 4909
[2026-09-29 17:23:56] Primzahl: 4919
[2026-09-29 17:23:56] Primzahl: 4931
[2026-09-29 17:23:56] Zwilling: 4931, 4933
[2026-09-29 17:23:56] Trilling: 4931, 4933, 4937
[2026-09-29 17:23:56] Primzahl: 4933
[2026-09-29 17:23:56] Primzahl: 4937
[2026-09-29 17:23:56] Primzahl: 4943
[2026-09-29 17:23:56] Primzahl: 4951
[2026-09-29 17:23:56] Primzahl: 4957
[2026-09-29 17:23:56] Primzahl: 4967
[2026-09-29 17:23:56] Zwilling: 4967, 4969
[2026-09-29 17:23:56] Trilling: 4967, 4969, 4973
[2026-09-29 17:23:56] Primzahl: 4969
[2026-09-29 17:23:56] Primzahl: 4973
[2026-09-29 17:23:56] Primzahl: 4987
[2026-09-29 17:23:57] Primzahl: 4993
[2026-09-29 17:23:57] Primzahl: 4999
[2026-09-29 17:23:57] Primzahl: 5003
[2026-09-29 17:23:57] Primzahl: 5009
[2026-09-29 17:23:57] Zwilling: 5009, 5011
[2026-09-29 17:23:57] Primzahl: 5011
[2026-09-29 17:23:57] Primzahl: 5021
[2026-09-29 17:23:57] Zwilling: 5021, 5023
[2026-09-29 17:23:57] Primzahl: 5023
[2026-09-29 17:23:57] Primzahl: 5039
[2026-09-29 17:23:57] Primzahl: 5051
[2026-09-29 17:23:57] Primzahl: 5059
[2026-09-29 17:23:57] Primzahl: 5077
[2026-09-29 17:23:57] Primzahl: 5081
[2026-09-29 17:23:57] Primzahl: 5087
[2026-09-29 17:23:57] Primzahl: 5099
[2026-09-29 17:23:57] Zwilling: 5099, 5101
[2026-09-29 17:23:57] Primzahl: 5101
[2026-09-29 17:23:57] Primzahl: 5107
[2026-09-29 17:23:57] Primzahl: 5113
[2026-09-29 17:23:57] Primzahl: 5119
[2026-09-29 17:23:57] Primzahl: 5147
[2026-09-29 17:23:57] Primzahl: 5153
[2026-09-29 17:23:57] Primzahl: 5167
[2026-09-29 17:23:57] Primzahl: 5171
[2026-09-29 17:23:57] Primzahl: 5179
[2026-09-29 17:23:57] Primzahl: 5189
[2026-09-29 17:23:57] Primzahl: 5197
[2026-09-29 17:23:57] Primzahl: 5209
[2026-09-29 17:23:57] Primzahl: 5227
[2026-09-29 17:23:57] Trilling: 5227, 5231, 5233
[2026-09-29 17:23:57] Primzahl: 5231
[2026-09-29 17:23:57] Zwilling: 5231, 5233
[2026-09-29 17:23:57] Trilling: 5231, 5233, 5237
[2026-09-29 17:23:57] Primzahl: 5233
[2026-09-29 17:23:57] Primzahl: 5237
[2026-09-29 17:23:57] Primzahl: 5261
[2026-09-29 17:23:57] Primzahl: 5273
[2026-09-29 17:23:57] Primzahl: 5279
[2026-09-29 17:23:57] Zwilling: 5279, 5281
[2026-09-29 17:23:57] Primzahl: 5281
[2026-09-29 17:23:57] Primzahl: 5297
[2026-09-29 17:23:57] Primzahl: 5303
[2026-09-29 17:23:57] Primzahl: 5309
[2026-09-29 17:23:57] Primzahl: 5323
[2026-09-29 17:23:57] Primzahl: 5333
[2026-09-29 17:23:57] Primzahl: 5347
[2026-09-29 17:23:57] Primzahl: 5351
[2026-09-29 17:23:57] Primzahl: 5381
[2026-09-29 17:23:57] Primzahl: 5387
[2026-09-29 17:23:57] Primzahl: 5393
[2026-09-29 17:23:57] Primzahl: 5399
[2026-09-29 17:23:57] Primzahl: 5407
[2026-09-29 17:23:57] Primzahl: 5413
[2026-09-29 17:23:57] Trilling: 5413, 5417, 5419
[2026-09-29 17:23:57] Primzahl: 5417
[2026-09-29 17:23:57] Zwilling: 5417, 5419
[2026-09-29 17:23:57] Primzahl: 5419
[2026-09-29 17:23:57] Primzahl: 5431
[2026-09-29 17:23:57] Primzahl: 5437
[2026-09-29 17:23:57] Trilling: 5437, 5441, 5443
[2026-09-29 17:23:57] Primzahl: 5441
[2026-09-29 17:23:57] Zwilling: 5441, 5443
[2026-09-29 17:23:58] Primzahl: 5443
[2026-09-29 17:23:58] Primzahl: 5449
[2026-09-29 17:23:58] Primzahl: 5471
[2026-09-29 17:23:58] Primzahl: 5477
[2026-09-29 17:23:58] Zwilling: 5477, 5479
[2026-09-29 17:23:58] Trilling: 5477, 5479, 5483
[2026-09-29 17:23:58] Primzahl: 5479
[2026-09-29 17:23:58] Primzahl: 5483
[2026-09-29 17:23:58] Primzahl: 5501
[2026-09-29 17:23:58] Zwilling: 5501, 5503
[2026-09-29 17:23:58] Trilling: 5501, 5503, 5507
[2026-09-29 17:23:58] Primzahl: 5503
[2026-09-29 17:23:58] Primzahl: 5507
[2026-09-29 17:23:58] Primzahl: 5519
[2026-09-29 17:23:58] Zwilling: 5519, 5521
[2026-09-29 17:23:58] Primzahl: 5521
[2026-09-29 17:23:58] Primzahl: 5527
[2026-09-29 17:23:58] Primzahl: 5531
[2026-09-29 17:23:58] Primzahl: 5557
[2026-09-29 17:23:58] Primzahl: 5563
[2026-09-29 17:23:58] Primzahl: 5569
[2026-09-29 17:23:58] Primzahl: 5573
[2026-09-29 17:23:58] Primzahl: 5581
[2026-09-29 17:23:58] Primzahl: 5591
[2026-09-29 17:23:58] Primzahl: 5623
[2026-09-29 17:23:58] Primzahl: 5639
[2026-09-29 17:23:58] Zwilling: 5639, 5641
[2026-09-29 17:23:58] Primzahl: 5641
[2026-09-29 17:23:58] Primzahl: 5647
[2026-09-29 17:23:58] Trilling: 5647, 5651, 5653
[2026-09-29 17:23:58] Primzahl: 5651
[2026-09-29 17:23:58] Zwilling: 5651, 5653
[2026-09-29 17:23:58] Trilling: 5651, 5653, 5657
[2026-09-29 17:23:58] Vierling: 5651, 5653, 5657, 5659
[2026-09-29 17:23:58] Primzahl: 5653
[2026-09-29 17:23:58] Trilling: 5653, 5657, 5659
[2026-09-29 17:23:58] Primzahl: 5657
[2026-09-29 17:23:58] Zwilling: 5657, 5659
[2026-09-29 17:23:58] Primzahl: 5659
[2026-09-29 17:23:58] Primzahl: 5669
[2026-09-29 17:23:58] Primzahl: 5683
[2026-09-29 17:23:58] Primzahl: 5689
[2026-09-29 17:23:58] Primzahl: 5693
[2026-09-29 17:23:58] Primzahl: 5701
[2026-09-29 17:23:58] Primzahl: 5711
[2026-09-29 17:23:58] Primzahl: 5717
[2026-09-29 17:23:58] Primzahl: 5737
[2026-09-29 17:23:58] Trilling: 5737, 5741, 5743
[2026-09-29 17:23:58] Primzahl: 5741
[2026-09-29 17:23:58] Zwilling: 5741, 5743
[2026-09-29 17:23:58] Primzahl: 5743
[2026-09-29 17:23:58] Primzahl: 5749
[2026-09-29 17:23:58] Primzahl: 5779
[2026-09-29 17:23:58] Primzahl: 5783
[2026-09-29 17:23:58] Primzahl: 5791
[2026-09-29 17:23:58] Primzahl: 5801
[2026-09-29 17:23:58] Primzahl: 5807
[2026-09-29 17:23:58] Primzahl: 5813
[2026-09-29 17:23:58] Primzahl: 5821
[2026-09-29 17:23:58] Primzahl: 5827
[2026-09-29 17:23:58] Primzahl: 5839
[2026-09-29 17:23:58] Primzahl: 5843
[2026-09-29 17:23:59] Primzahl: 5849
[2026-09-29 17:23:59] Zwilling: 5849, 5851
[2026-09-29 17:23:59] Primzahl: 5851
[2026-09-29 17:23:59] Primzahl: 5857
[2026-09-29 17:23:59] Primzahl: 5861
[2026-09-29 17:23:59] Primzahl: 5867
[2026-09-29 17:23:59] Zwilling: 5867, 5869
[2026-09-29 17:23:59] Primzahl: 5869
[2026-09-29 17:23:59] Primzahl: 5879
[2026-09-29 17:23:59] Zwilling: 5879, 5881
[2026-09-29 17:23:59] Primzahl: 5881
[2026-09-29 17:23:59] Primzahl: 5897
[2026-09-29 17:23:59] Primzahl: 5903
[2026-09-29 17:23:59] Primzahl: 5923
[2026-09-29 17:23:59] Primzahl: 5927
[2026-09-29 17:23:59] Primzahl: 5939
[2026-09-29 17:23:59] Primzahl: 5953
[2026-09-29 17:23:59] Primzahl: 5981
[2026-09-29 17:23:59] Primzahl: 5987
[2026-09-29 17:23:59] Primzahl: 6007
[2026-09-29 17:23:59] Primzahl: 6011
[2026-09-29 17:23:59] Primzahl: 6029
[2026-09-29 17:23:59] Primzahl: 6037
[2026-09-29 17:23:59] Primzahl: 6043
[2026-09-29 17:23:59] Primzahl: 6047
[2026-09-29 17:23:59] Primzahl: 6053
[2026-09-29 17:23:59] Primzahl: 6067
[2026-09-29 17:23:59] Primzahl: 6073
[2026-09-29 17:23:59] Primzahl: 6079
[2026-09-29 17:23:59] Primzahl: 6089
[2026-09-29 17:23:59] Zwilling: 6089, 6091
[2026-09-29 17:23:59] Primzahl: 6091
[2026-09-29 17:23:59] Primzahl: 6101
[2026-09-29 17:23:59] Primzahl: 6113
[2026-09-29 17:23:59] Primzahl: 6121
[2026-09-29 17:23:59] Primzahl: 6131
[2026-09-29 17:23:59] Zwilling: 6131, 6133
[2026-09-29 17:23:59] Primzahl: 6133
[2026-09-29 17:23:59] Primzahl: 6143
[2026-09-29 17:23:59] Primzahl: 6151
[2026-09-29 17:23:59] Primzahl: 6163
[2026-09-29 17:23:59] Primzahl: 6173
[2026-09-29 17:23:59] Primzahl: 6197
[2026-09-29 17:23:59] Zwilling: 6197, 6199
[2026-09-29 17:23:59] Trilling: 6197, 6199, 6203
[2026-09-29 17:23:59] Primzahl: 6199
[2026-09-29 17:23:59] Primzahl: 6203
[2026-09-29 17:23:59] Primzahl: 6211
[2026-09-29 17:23:59] Primzahl: 6217
[2026-09-29 17:23:59] Primzahl: 6221
[2026-09-29 17:23:59] Primzahl: 6229
[2026-09-29 17:23:59] Primzahl: 6247
[2026-09-29 17:23:59] Primzahl: 6257
[2026-09-29 17:23:59] Primzahl: 6263
[2026-09-29 17:23:59] Primzahl: 6269
[2026-09-29 17:23:59] Zwilling: 6269, 6271
[2026-09-29 17:23:59] Primzahl: 6271
[2026-09-29 17:23:59] Primzahl: 6277
[2026-09-29 17:23:59] Primzahl: 6287
[2026-09-29 17:24:00] Primzahl: 6299
[2026-09-29 17:24:00] Zwilling: 6299, 6301
[2026-09-29 17:24:00] Primzahl: 6301
[2026-09-29 17:24:00] Primzahl: 6311
[2026-09-29 17:24:00] Primzahl: 6317
[2026-09-29 17:24:00] Primzahl: 6323
[2026-09-29 17:24:00] Primzahl: 6329
[2026-09-29 17:24:00] Primzahl: 6337
[2026-09-29 17:24:00] Primzahl: 6343
[2026-09-29 17:24:00] Primzahl: 6353
[2026-09-29 17:24:00] Primzahl: 6359
[2026-09-29 17:24:00] Zwilling: 6359, 6361
[2026-09-29 17:24:00] Primzahl: 6361
[2026-09-29 17:24:00] Primzahl: 6367
[2026-09-29 17:24:00] Primzahl: 6373
[2026-09-29 17:24:00] Primzahl: 6379
[2026-09-29 17:24:00] Primzahl: 6389
[2026-09-29 17:24:00] Primzahl: 6397
[2026-09-29 17:24:00] Primzahl: 6421
[2026-09-29 17:24:00] Primzahl: 6427
[2026-09-29 17:24:00] Primzahl: 6449
[2026-09-29 17:24:00] Zwilling: 6449, 6451
[2026-09-29 17:24:00] Primzahl: 6451
[2026-09-29 17:24:00] Primzahl: 6469
[2026-09-29 17:24:00] Primzahl: 6473
[2026-09-29 17:24:00] Primzahl: 6481
[2026-09-29 17:24:00] Primzahl: 6491
[2026-09-29 17:24:00] Primzahl: 6521
[2026-09-29 17:24:00] Primzahl: 6529
[2026-09-29 17:24:00] Primzahl: 6547
[2026-09-29 17:24:00] Trilling: 6547, 6551, 6553
[2026-09-29 17:24:00] Primzahl: 6551
[2026-09-29 17:24:00] Zwilling: 6551, 6553
[2026-09-29 17:24:00] Primzahl: 6553
[2026-09-29 17:24:00] Primzahl: 6563
[2026-09-29 17:24:00] Primzahl: 6569
[2026-09-29 17:24:00] Zwilling: 6569, 6571
[2026-09-29 17:24:00] Primzahl: 6571
[2026-09-29 17:24:00] Primzahl: 6577
[2026-09-29 17:24:00] Primzahl: 6581
[2026-09-29 17:24:00] Primzahl: 6599
[2026-09-29 17:24:00] Primzahl: 6607
[2026-09-29 17:24:00] Primzahl: 6619
[2026-09-29 17:24:00] Primzahl: 6637
[2026-09-29 17:24:00] Primzahl: 6653
[2026-09-29 17:24:00] Primzahl: 6659
[2026-09-29 17:24:00] Zwilling: 6659, 6661
[2026-09-29 17:24:00] Primzahl: 6661
[2026-09-29 17:24:00] Primzahl: 6673
[2026-09-29 17:24:00] Primzahl: 6679
[2026-09-29 17:24:00] Primzahl: 6689
[2026-09-29 17:24:00] Zwilling: 6689, 6691
[2026-09-29 17:24:00] Primzahl: 6691
[2026-09-29 17:24:00] Primzahl: 6701
[2026-09-29 17:24:00] Zwilling: 6701, 6703
[2026-09-29 17:24:01] Primzahl: 6703
[2026-09-29 17:24:01] Primzahl: 6709
[2026-09-29 17:24:01] Primzahl: 6719
[2026-09-29 17:24:01] Primzahl: 6733
[2026-09-29 17:24:01] Primzahl: 6737
[2026-09-29 17:24:01] Primzahl: 6761
[2026-09-29 17:24:01] Zwilling: 6761, 6763
[2026-09-29 17:24:01] Primzahl: 6763
[2026-09-29 17:24:01] Primzahl: 6779
[2026-09-29 17:24:01] Zwilling: 6779, 6781
[2026-09-29 17:24:01] Primzahl: 6781
[2026-09-29 17:24:01] Primzahl: 6791
[2026-09-29 17:24:01] Zwilling: 6791, 6793
[2026-09-29 17:24:01] Primzahl: 6793
[2026-09-29 17:24:01] Primzahl: 6803
[2026-09-29 17:24:01] Primzahl: 6823
[2026-09-29 17:24:01] Trilling: 6823, 6827, 6829
[2026-09-29 17:24:01] Primzahl: 6827
[2026-09-29 17:24:01] Zwilling: 6827, 6829
[2026-09-29 17:24:01] Trilling: 6827, 6829, 6833
[2026-09-29 17:24:01] Primzahl: 6829
[2026-09-29 17:24:01] Primzahl: 6833
[2026-09-29 17:24:01] Primzahl: 6841
[2026-09-29 17:24:01] Primzahl: 6857
[2026-09-29 17:24:01] Primzahl: 6863
[2026-09-29 17:24:01] Primzahl: 6869
[2026-09-29 17:24:01] Zwilling: 6869, 6871
[2026-09-29 17:24:01] Primzahl: 6871
[2026-09-29 17:24:01] Primzahl: 6883
[2026-09-29 17:24:01] Primzahl: 6899
[2026-09-29 17:24:01] Primzahl: 6907
[2026-09-29 17:24:01] Primzahl: 6911
[2026-09-29 17:24:01] Primzahl: 6917
[2026-09-29 17:24:01] Primzahl: 6947
[2026-09-29 17:24:01] Zwilling: 6947, 6949
[2026-09-29 17:24:01] Primzahl: 6949
[2026-09-29 17:24:01] Primzahl: 6959
[2026-09-29 17:24:01] Zwilling: 6959, 6961
[2026-09-29 17:24:01] Primzahl: 6961
[2026-09-29 17:24:01] Primzahl: 6967
[2026-09-29 17:24:01] Primzahl: 6971
[2026-09-29 17:24:01] Primzahl: 6977
[2026-09-29 17:24:01] Primzahl: 6983
[2026-09-29 17:24:01] Primzahl: 6991
[2026-09-29 17:24:01] Primzahl: 6997
[2026-09-29 17:24:01] Primzahl: 7001
[2026-09-29 17:24:01] Primzahl: 7013
[2026-09-29 17:24:01] Primzahl: 7019
[2026-09-29 17:24:01] Primzahl: 7027
[2026-09-29 17:24:01] Primzahl: 7039
[2026-09-29 17:24:01] Primzahl: 7043
[2026-09-29 17:24:01] Primzahl: 7057
[2026-09-29 17:24:01] Primzahl: 7069
[2026-09-29 17:24:01] Primzahl: 7079
[2026-09-29 17:24:01] Primzahl: 7103
[2026-09-29 17:24:02] Primzahl: 7109
[2026-09-29 17:24:02] Primzahl: 7121
[2026-09-29 17:24:02] Primzahl: 7127
[2026-09-29 17:24:02] Zwilling: 7127, 7129
[2026-09-29 17:24:02] Primzahl: 7129
[2026-09-29 17:24:02] Primzahl: 7151
[2026-09-29 17:24:02] Primzahl: 7159
[2026-09-29 17:24:02] Primzahl: 7177
[2026-09-29 17:24:02] Primzahl: 7187
[2026-09-29 17:24:02] Primzahl: 7193
[2026-09-29 17:24:02] Primzahl: 7207
[2026-09-29 17:24:02] Trilling: 7207, 7211, 7213
[2026-09-29 17:24:02] Primzahl: 7211
[2026-09-29 17:24:02] Zwilling: 7211, 7213
[2026-09-29 17:24:02] Primzahl: 7213
[2026-09-29 17:24:02] Primzahl: 7219
[2026-09-29 17:24:02] Primzahl: 7229
[2026-09-29 17:24:02] Primzahl: 7237
[2026-09-29 17:24:02] Primzahl: 7243
[2026-09-29 17:24:02] Primzahl: 7247
[2026-09-29 17:24:02] Primzahl: 7253
[2026-09-29 17:24:02] Primzahl: 7283
[2026-09-29 17:24:02] Primzahl: 7297
[2026-09-29 17:24:02] Primzahl: 7307
[2026-09-29 17:24:02] Zwilling: 7307, 7309
[2026-09-29 17:24:02] Primzahl: 7309
[2026-09-29 17:24:02] Primzahl: 7321
[2026-09-29 17:24:02] Primzahl: 7331
[2026-09-29 17:24:02] Zwilling: 7331, 7333
[2026-09-29 17:24:02] Primzahl: 7333
[2026-09-29 17:24:02] Primzahl: 7349
[2026-09-29 17:24:02] Zwilling: 7349, 7351
[2026-09-29 17:24:02] Primzahl: 7351
[2026-09-29 17:24:02] Primzahl: 7369
[2026-09-29 17:24:02] Primzahl: 7393
[2026-09-29 17:24:02] Primzahl: 7411
[2026-09-29 17:24:02] Primzahl: 7417
[2026-09-29 17:24:02] Primzahl: 7433
[2026-09-29 17:24:02] Primzahl: 7451
[2026-09-29 17:24:02] Primzahl: 7457
[2026-09-29 17:24:02] Zwilling: 7457, 7459
[2026-09-29 17:24:02] Primzahl: 7459
[2026-09-29 17:24:02] Primzahl: 7477
[2026-09-29 17:24:02] Primzahl: 7481
[2026-09-29 17:24:02] Primzahl: 7487
[2026-09-29 17:24:02] Zwilling: 7487, 7489
[2026-09-29 17:24:02] Primzahl: 7489
[2026-09-29 17:24:02] Primzahl: 7499
[2026-09-29 17:24:02] Primzahl: 7507
[2026-09-29 17:24:02] Primzahl: 7517
[2026-09-29 17:24:02] Primzahl: 7523
[2026-09-29 17:24:02] Primzahl: 7529
[2026-09-29 17:24:02] Primzahl: 7537
[2026-09-29 17:24:03] Primzahl: 7541
[2026-09-29 17:24:03] Primzahl: 7547
[2026-09-29 17:24:03] Zwilling: 7547, 7549
[2026-09-29 17:24:03] Primzahl: 7549
[2026-09-29 17:24:03] Primzahl: 7559
[2026-09-29 17:24:03] Zwilling: 7559, 7561
[2026-09-29 17:24:03] Primzahl: 7561
[2026-09-29 17:24:03] Primzahl: 7573
[2026-09-29 17:24:03] Primzahl: 7577
[2026-09-29 17:24:03] Primzahl: 7583
[2026-09-29 17:24:03] Primzahl: 7589
[2026-09-29 17:24:03] Zwilling: 7589, 7591
[2026-09-29 17:24:03] Primzahl: 7591
[2026-09-29 17:24:03] Primzahl: 7603
[2026-09-29 17:24:03] Primzahl: 7607
[2026-09-29 17:24:03] Primzahl: 7621
[2026-09-29 17:24:03] Primzahl: 7639
[2026-09-29 17:24:03] Primzahl: 7643
[2026-09-29 17:24:03] Primzahl: 7649
[2026-09-29 17:24:03] Primzahl: 7669
[2026-09-29 17:24:03] Primzahl: 7673
[2026-09-29 17:24:03] Primzahl: 7681
[2026-09-29 17:24:03] Primzahl: 7687
[2026-09-29 17:24:03] Primzahl: 7691
[2026-09-29 17:24:03] Primzahl: 7699
[2026-09-29 17:24:03] Primzahl: 7703
[2026-09-29 17:24:03] Primzahl: 7717
[2026-09-29 17:24:03] Primzahl: 7723
[2026-09-29 17:24:03] Primzahl: 7727
[2026-09-29 17:24:03] Primzahl: 7741
[2026-09-29 17:24:03] Primzahl: 7753
[2026-09-29 17:24:03] Trilling: 7753, 7757, 7759
[2026-09-29 17:24:03] Primzahl: 7757
[2026-09-29 17:24:03] Zwilling: 7757, 7759
[2026-09-29 17:24:03] Primzahl: 7759
[2026-09-29 17:24:03] Primzahl: 7789
[2026-09-29 17:24:03] Primzahl: 7793
[2026-09-29 17:24:03] Primzahl: 7817
[2026-09-29 17:24:03] Primzahl: 7823
[2026-09-29 17:24:03] Primzahl: 7829
[2026-09-29 17:24:03] Primzahl: 7841
[2026-09-29 17:24:03] Primzahl: 7853
[2026-09-29 17:24:03] Primzahl: 7867
[2026-09-29 17:24:03] Primzahl: 7873
[2026-09-29 17:24:03] Trilling: 7873, 7877, 7879
[2026-09-29 17:24:03] Primzahl: 7877
[2026-09-29 17:24:03] Zwilling: 7877, 7879
[2026-09-29 17:24:03] Trilling: 7877, 7879, 7883
[2026-09-29 17:24:03] Primzahl: 7879
[2026-09-29 17:24:03] Primzahl: 7883
[2026-09-29 17:24:03] Primzahl: 7901
[2026-09-29 17:24:04] Primzahl: 7907
[2026-09-29 17:24:04] Primzahl: 7919
[2026-09-29 17:24:04] Primzahl: 7927
[2026-09-29 17:24:04] Primzahl: 7933
[2026-09-29 17:24:04] Primzahl: 7937
[2026-09-29 17:24:04] Primzahl: 7949
[2026-09-29 17:24:04] Zwilling: 7949, 7951
[2026-09-29 17:24:04] Primzahl: 7951
[2026-09-29 17:24:04] Primzahl: 7963
[2026-09-29 17:24:04] Primzahl: 7993
[2026-09-29 17:24:04] Primzahl: 8009
[2026-09-29 17:24:04] Zwilling: 8009, 8011
[2026-09-29 17:24:04] Primzahl: 8011
[2026-09-29 17:24:04] Primzahl: 8017
[2026-09-29 17:24:04] Primzahl: 8039
[2026-09-29 17:24:04] Primzahl: 8053
[2026-09-29 17:24:04] Primzahl: 8059
[2026-09-29 17:24:04] Primzahl: 8069
[2026-09-29 17:24:04] Primzahl: 8081
[2026-09-29 17:24:04] Primzahl: 8087
[2026-09-29 17:24:04] Zwilling: 8087, 8089
[2026-09-29 17:24:04] Trilling: 8087, 8089, 8093
[2026-09-29 17:24:04] Primzahl: 8089
[2026-09-29 17:24:04] Primzahl: 8093
[2026-09-29 17:24:04] Primzahl: 8101
[2026-09-29 17:24:04] Primzahl: 8111
[2026-09-29 17:24:04] Primzahl: 8117
[2026-09-29 17:24:04] Primzahl: 8123
[2026-09-29 17:24:04] Primzahl: 8147
[2026-09-29 17:24:04] Primzahl: 8161
[2026-09-29 17:24:04] Primzahl: 8167
[2026-09-29 17:24:04] Primzahl: 8171
[2026-09-29 17:24:04] Primzahl: 8179
[2026-09-29 17:24:04] Primzahl: 8191
[2026-09-29 17:24:04] Primzahl: 8209
[2026-09-29 17:24:04] Primzahl: 8219
[2026-09-29 17:24:04] Zwilling: 8219, 8221
[2026-09-29 17:24:04] Primzahl: 8221
[2026-09-29 17:24:04] Primzahl: 8231
[2026-09-29 17:24:04] Zwilling: 8231, 8233
[2026-09-29 17:24:04] Trilling: 8231, 8233, 8237
[2026-09-29 17:24:04] Primzahl: 8233
[2026-09-29 17:24:04] Primzahl: 8237
[2026-09-29 17:24:04] Primzahl: 8243
[2026-09-29 17:24:04] Primzahl: 8263
[2026-09-29 17:24:04] Primzahl: 8269
[2026-09-29 17:24:04] Primzahl: 8273
[2026-09-29 17:24:04] Primzahl: 8287
[2026-09-29 17:24:04] Trilling: 8287, 8291, 8293
[2026-09-29 17:24:04] Primzahl: 8291
[2026-09-29 17:24:04] Zwilling: 8291, 8293
[2026-09-29 17:24:04] Trilling: 8291, 8293, 8297
[2026-09-29 17:24:04] Primzahl: 8293
[2026-09-29 17:24:04] Primzahl: 8297
[2026-09-29 17:24:04] Primzahl: 8311
[2026-09-29 17:24:04] Primzahl: 8317
[2026-09-29 17:24:04] Primzahl: 8329
[2026-09-29 17:24:04] Primzahl: 8353
[2026-09-29 17:24:04] Primzahl: 8363
[2026-09-29 17:24:04] Primzahl: 8369
[2026-09-29 17:24:04] Primzahl: 8377
[2026-09-29 17:24:04] Primzahl: 8387
[2026-09-29 17:24:04] Zwilling: 8387, 8389
[2026-09-29 17:24:04] Primzahl: 8389
[2026-09-29 17:24:04] Primzahl: 8419
[2026-09-29 17:24:04] Primzahl: 8423
[2026-09-29 17:24:04] Primzahl: 8429
[2026-09-29 17:24:04] Zwilling: 8429, 8431
[2026-09-29 17:24:04] Primzahl: 8431
[2026-09-29 17:24:04] Primzahl: 8443
[2026-09-29 17:24:04] Primzahl: 8447
[2026-09-29 17:24:04] Primzahl: 8461
[2026-09-29 17:24:04] Primzahl: 8467
[2026-09-29 17:24:04] Primzahl: 8501
[2026-09-29 17:24:04] Primzahl: 8513
[2026-09-29 17:24:04] Primzahl: 8521
[2026-09-29 17:24:04] Primzahl: 8527
[2026-09-29 17:24:04] Primzahl: 8537
[2026-09-29 17:24:04] Zwilling: 8537, 8539
[2026-09-29 17:24:04] Trilling: 8537, 8539, 8543
[2026-09-29 17:24:04] Primzahl: 8539
[2026-09-29 17:24:04] Primzahl: 8543
[2026-09-29 17:24:04] Primzahl: 8563
[2026-09-29 17:24:04] Primzahl: 8573
[2026-09-29 17:24:04] Primzahl: 8581
[2026-09-29 17:24:04] Primzahl: 8597
[2026-09-29 17:24:04] Zwilling: 8597, 8599
[2026-09-29 17:24:04] Primzahl: 8599
[2026-09-29 17:24:04] Primzahl: 8609
[2026-09-29 17:24:04] Primzahl: 8623
[2026-09-29 17:24:04] Trilling: 8623, 8627, 8629
[2026-09-29 17:24:04] Primzahl: 8627
[2026-09-29 17:24:04] Zwilling: 8627, 8629
[2026-09-29 17:24:04] Primzahl: 8629
[2026-09-29 17:24:04] Primzahl: 8641
[2026-09-29 17:24:04] Primzahl: 8647
[2026-09-29 17:24:04] Primzahl: 8663
[2026-09-29 17:24:04] Primzahl: 8669
[2026-09-29 17:24:04] Primzahl: 8677
[2026-09-29 17:24:04] Primzahl: 8681
[2026-09-29 17:24:04] Primzahl: 8689
[2026-09-29 17:24:04] Primzahl: 8693
[2026-09-29 17:24:04] Primzahl: 8699
[2026-09-29 17:24:04] Primzahl: 8707
[2026-09-29 17:24:04] Primzahl: 8713
[2026-09-29 17:24:04] Primzahl: 8719
[2026-09-29 17:24:04] Primzahl: 8731
[2026-09-29 17:24:04] Primzahl: 8737
[2026-09-29 17:24:04] Primzahl: 8741
[2026-09-29 17:24:04] Primzahl: 8747
[2026-09-29 17:24:04] Primzahl: 8753
[2026-09-29 17:24:04] Primzahl: 8761
[2026-09-29 17:24:04] Primzahl: 8779
[2026-09-29 17:24:04] Primzahl: 8783
[2026-09-29 17:24:04] Primzahl: 8803
[2026-09-29 17:24:04] Primzahl: 8807
[2026-09-29 17:24:04] Primzahl: 8819
[2026-09-29 17:24:04] Zwilling: 8819, 8821
[2026-09-29 17:24:04] Primzahl: 8821
[2026-09-29 17:24:04] Primzahl: 8831
[2026-09-29 17:24:04] Primzahl: 8837
[2026-09-29 17:24:04] Zwilling: 8837, 8839
[2026-09-29 17:24:04] Primzahl: 8839
[2026-09-29 17:24:04] Primzahl: 8849
[2026-09-29 17:24:04] Primzahl: 8861
[2026-09-29 17:24:04] Zwilling: 8861, 8863
[2026-09-29 17:24:04] Trilling: 8861, 8863, 8867
[2026-09-29 17:24:04] Primzahl: 8863
[2026-09-29 17:24:04] Primzahl: 8867
[2026-09-29 17:24:04] Primzahl: 8887
[2026-09-29 17:24:04] Primzahl: 8893
[2026-09-29 17:24:04] Primzahl: 8923
[2026-09-29 17:24:04] Primzahl: 8929
[2026-09-29 17:24:04] Primzahl: 8933
[2026-09-29 17:24:04] Primzahl: 8941
[2026-09-29 17:24:04] Primzahl: 8951
[2026-09-29 17:24:05] Primzahl: 8963
[2026-09-29 17:24:05] Primzahl: 8969
[2026-09-29 17:24:05] Zwilling: 8969, 8971
[2026-09-29 17:24:05] Primzahl: 8971
[2026-09-29 17:24:05] Primzahl: 8999
[2026-09-29 17:24:05] Zwilling: 8999, 9001
[2026-09-29 17:24:05] Primzahl: 9001
[2026-09-29 17:24:05] Primzahl: 9007
[2026-09-29 17:24:05] Trilling: 9007, 9011, 9013
[2026-09-29 17:24:05] Primzahl: 9011
[2026-09-29 17:24:05] Zwilling: 9011, 9013
[2026-09-29 17:24:05] Primzahl: 9013
[2026-09-29 17:24:05] Primzahl: 9029
[2026-09-29 17:24:05] Primzahl: 9041
[2026-09-29 17:24:05] Zwilling: 9041, 9043
[2026-09-29 17:24:05] Primzahl: 9043
[2026-09-29 17:24:05] Primzahl: 9049
[2026-09-29 17:24:05] Primzahl: 9059
[2026-09-29 17:24:05] Primzahl: 9067
[2026-09-29 17:24:05] Primzahl: 9091
[2026-09-29 17:24:05] Primzahl: 9103
[2026-09-29 17:24:05] Primzahl: 9109
[2026-09-29 17:24:05] Primzahl: 9127
[2026-09-29 17:24:05] Primzahl: 9133
[2026-09-29 17:24:05] Primzahl: 9137
[2026-09-29 17:24:05] Primzahl: 9151
[2026-09-29 17:24:05] Primzahl: 9157
[2026-09-29 17:24:05] Primzahl: 9161
[2026-09-29 17:24:05] Primzahl: 9173
[2026-09-29 17:24:05] Primzahl: 9181
[2026-09-29 17:24:05] Primzahl: 9187
[2026-09-29 17:24:05] Primzahl: 9199
[2026-09-29 17:24:05] Primzahl: 9203
[2026-09-29 17:24:05] Primzahl: 9209
[2026-09-29 17:24:05] Primzahl: 9221
[2026-09-29 17:24:05] Primzahl: 9227
[2026-09-29 17:24:05] Primzahl: 9239
[2026-09-29 17:24:05] Zwilling: 9239, 9241
[2026-09-29 17:24:05] Primzahl: 9241
[2026-09-29 17:24:05] Primzahl: 9257
[2026-09-29 17:24:05] Primzahl: 9277
[2026-09-29 17:24:05] Trilling: 9277, 9281, 9283
[2026-09-29 17:24:05] Primzahl: 9281
[2026-09-29 17:24:05] Zwilling: 9281, 9283
[2026-09-29 17:24:05] Primzahl: 9283
[2026-09-29 17:24:05] Primzahl: 9293
[2026-09-29 17:24:05] Primzahl: 9311
[2026-09-29 17:24:05] Primzahl: 9319
[2026-09-29 17:24:05] Primzahl: 9323
[2026-09-29 17:24:05] Primzahl: 9337
[2026-09-29 17:24:05] Trilling: 9337, 9341, 9343
[2026-09-29 17:24:05] Primzahl: 9341
[2026-09-29 17:24:05] Zwilling: 9341, 9343
[2026-09-29 17:24:05] Primzahl: 9343
[2026-09-29 17:24:05] Primzahl: 9349
[2026-09-29 17:24:05] Primzahl: 9371
[2026-09-29 17:24:05] Primzahl: 9377
[2026-09-29 17:24:05] Primzahl: 9391
[2026-09-29 17:24:05] Primzahl: 9397
[2026-09-29 17:24:05] Primzahl: 9403
[2026-09-29 17:24:05] Primzahl: 9413
[2026-09-29 17:24:05] Primzahl: 9419
[2026-09-29 17:24:05] Zwilling: 9419, 9421
[2026-09-29 17:24:05] Primzahl: 9421
[2026-09-29 17:24:05] Primzahl: 9431
[2026-09-29 17:24:05] Zwilling: 9431, 9433
[2026-09-29 17:24:05] Trilling: 9431, 9433, 9437
[2026-09-29 17:24:05] Vierling: 9431, 9433, 9437, 9439
[2026-09-29 17:24:05] Primzahl: 9433
[2026-09-29 17:24:05] Trilling: 9433, 9437, 9439
[2026-09-29 17:24:05] Primzahl: 9437
[2026-09-29 17:24:05] Zwilling: 9437, 9439
[2026-09-29 17:24:05] Primzahl: 9439
[2026-09-29 17:24:05] Primzahl: 9461
[2026-09-29 17:24:05] Zwilling: 9461, 9463
[2026-09-29 17:24:05] Trilling: 9461, 9463, 9467
[2026-09-29 17:24:05] Primzahl: 9463
[2026-09-29 17:24:05] Primzahl: 9467
[2026-09-29 17:24:05] Primzahl: 9473
[2026-09-29 17:24:05] Primzahl: 9479
[2026-09-29 17:24:05] Primzahl: 9491
[2026-09-29 17:24:05] Primzahl: 9497
[2026-09-29 17:24:05] Primzahl: 9511
[2026-09-29 17:24:05] Primzahl: 9521
[2026-09-29 17:24:05] Primzahl: 9533
[2026-09-29 17:24:05] Primzahl: 9539
[2026-09-29 17:24:05] Primzahl: 9547
[2026-09-29 17:24:05] Primzahl: 9551
[2026-09-29 17:24:05] Primzahl: 9587
[2026-09-29 17:24:05] Primzahl: 9601
[2026-09-29 17:24:05] Primzahl: 9613
[2026-09-29 17:24:05] Primzahl: 9619
[2026-09-29 17:24:05] Primzahl: 9623
[2026-09-29 17:24:05] Primzahl: 9629
[2026-09-29 17:24:05] Zwilling: 9629, 9631
[2026-09-29 17:24:05] Primzahl: 9631
[2026-09-29 17:24:05] Primzahl: 9643
[2026-09-29 17:24:05] Primzahl: 9649
[2026-09-29 17:24:05] Primzahl: 9661
[2026-09-29 17:24:05] Primzahl: 9677
[2026-09-29 17:24:05] Zwilling: 9677, 9679
[2026-09-29 17:24:05] Primzahl: 9679
[2026-09-29 17:24:05] Primzahl: 9689
[2026-09-29 17:24:05] Primzahl: 9697
[2026-09-29 17:24:05] Primzahl: 9719
[2026-09-29 17:24:05] Zwilling: 9719, 9721
[2026-09-29 17:24:05] Primzahl: 9721
[2026-09-29 17:24:05] Primzahl: 9733
[2026-09-29 17:24:05] Primzahl: 9739
[2026-09-29 17:24:05] Primzahl: 9743
[2026-09-29 17:24:05] Primzahl: 9749
[2026-09-29 17:24:05] Primzahl: 9767
[2026-09-29 17:24:05] Zwilling: 9767, 9769
[2026-09-29 17:24:05] Primzahl: 9769
[2026-09-29 17:24:05] Primzahl: 9781
[2026-09-29 17:24:05] Primzahl: 9787
[2026-09-29 17:24:05] Primzahl: 9791
[2026-09-29 17:24:05] Primzahl: 9803
[2026-09-29 17:24:05] Primzahl: 9811
[2026-09-29 17:24:05] Primzahl: 9817
[2026-09-29 17:24:06] Primzahl: 9829
[2026-09-29 17:24:06] Primzahl: 9833
[2026-09-29 17:24:06] Primzahl: 9839
[2026-09-29 17:24:06] Primzahl: 9851
[2026-09-29 17:24:06] Primzahl: 9857
[2026-09-29 17:24:06] Zwilling: 9857, 9859
[2026-09-29 17:24:06] Primzahl: 9859
[2026-09-29 17:24:06] Primzahl: 9871
[2026-09-29 17:24:06] Primzahl: 9883
[2026-09-29 17:24:06] Primzahl: 9887
[2026-09-29 17:24:06] Primzahl: 9901
[2026-09-29 17:24:06] Primzahl: 9907
[2026-09-29 17:24:06] Primzahl: 9923
[2026-09-29 17:24:06] Primzahl: 9929
[2026-09-29 17:24:06] Zwilling: 9929, 9931
[2026-09-29 17:24:06] Primzahl: 9931
[2026-09-29 17:24:06] Primzahl: 9941
[2026-09-29 17:24:06] Primzahl: 9949
[2026-09-29 17:24:06] Primzahl: 9967
[2026-09-29 17:24:06] Primzahl: 9973
[2026-09-29 17:24:06] Primzahl: 10007
[2026-09-29 17:24:06] Zwilling: 10007, 10009
[2026-09-29 17:24:06] Primzahl: 10009
[2026-09-29 17:24:06] Primzahl: 10037
[2026-09-29 17:24:06] Zwilling: 10037, 10039
[2026-09-29 17:24:06] Primzahl: 10039
[2026-09-29 17:24:06] Primzahl: 10061
[2026-09-29 17:24:06] Primzahl: 10067
[2026-09-29 17:24:06] Zwilling: 10067, 10069
[2026-09-29 17:24:06] Primzahl: 10069
[2026-09-29 17:24:06] Primzahl: 10079
[2026-09-29 17:24:06] Primzahl: 10091
[2026-09-29 17:24:06] Zwilling: 10091, 10093
[2026-09-29 17:24:06] Primzahl: 10093
[2026-09-29 17:24:06] Primzahl: 10099
[2026-09-29 17:24:06] Primzahl: 10103
[2026-09-29 17:24:06] Primzahl: 10111
[2026-09-29 17:24:06] Primzahl: 10133
[2026-09-29 17:24:06] Primzahl: 10139
[2026-09-29 17:24:06] Zwilling: 10139, 10141
[2026-09-29 17:24:06] Primzahl: 10141
[2026-09-29 17:24:06] Primzahl: 10151
[2026-09-29 17:24:06] Primzahl: 10159
[2026-09-29 17:24:06] Primzahl: 10163
[2026-09-29 17:24:06] Primzahl: 10169
[2026-09-29 17:24:06] Primzahl: 10177
[2026-09-29 17:24:06] Primzahl: 10181
[2026-09-29 17:24:06] Primzahl: 10193
[2026-09-29 17:24:06] Primzahl: 10211
[2026-09-29 17:24:06] Primzahl: 10223
[2026-09-29 17:24:06] Primzahl: 10243
[2026-09-29 17:24:06] Primzahl: 10247
[2026-09-29 17:24:06] Primzahl: 10253
[2026-09-29 17:24:06] Primzahl: 10259
[2026-09-29 17:24:06] Primzahl: 10267
[2026-09-29 17:24:06] Trilling: 10267, 10271, 10273
[2026-09-29 17:24:06] Primzahl: 10271
[2026-09-29 17:24:06] Zwilling: 10271, 10273
[2026-09-29 17:24:06] Primzahl: 10273
[2026-09-29 17:24:06] Primzahl: 10289
[2026-09-29 17:24:06] Primzahl: 10301
[2026-09-29 17:24:06] Zwilling: 10301, 10303
[2026-09-29 17:24:06] Primzahl: 10303
[2026-09-29 17:24:06] Primzahl: 10313
[2026-09-29 17:24:06] Primzahl: 10321
[2026-09-29 17:24:06] Primzahl: 10331
[2026-09-29 17:24:06] Zwilling: 10331, 10333
[2026-09-29 17:24:06] Trilling: 10331, 10333, 10337
[2026-09-29 17:24:06] Primzahl: 10333
[2026-09-29 17:24:06] Primzahl: 10337
[2026-09-29 17:24:06] Primzahl: 10343
[2026-09-29 17:24:06] Primzahl: 10357
[2026-09-29 17:24:06] Primzahl: 10369
[2026-09-29 17:24:06] Primzahl: 10391
[2026-09-29 17:24:06] Primzahl: 10399
[2026-09-29 17:24:06] Primzahl: 10427
[2026-09-29 17:24:06] Zwilling: 10427, 10429
[2026-09-29 17:24:06] Trilling: 10427, 10429, 10433
[2026-09-29 17:24:06] Primzahl: 10429
[2026-09-29 17:24:06] Primzahl: 10433
[2026-09-29 17:24:06] Primzahl: 10453
[2026-09-29 17:24:06] Trilling: 10453, 10457, 10459
[2026-09-29 17:24:06] Primzahl: 10457
[2026-09-29 17:24:06] Zwilling: 10457, 10459
[2026-09-29 17:24:06] Trilling: 10457, 10459, 10463
[2026-09-29 17:24:06] Primzahl: 10459
[2026-09-29 17:24:06] Primzahl: 10463
[2026-09-29 17:24:06] Primzahl: 10477
[2026-09-29 17:24:06] Primzahl: 10487
[2026-09-29 17:24:06] Primzahl: 10499
[2026-09-29 17:24:06] Zwilling: 10499, 10501
[2026-09-29 17:24:06] Primzahl: 10501
[2026-09-29 17:24:06] Primzahl: 10513
[2026-09-29 17:24:06] Primzahl: 10529
[2026-09-29 17:24:06] Zwilling: 10529, 10531
[2026-09-29 17:24:06] Primzahl: 10531
[2026-09-29 17:24:06] Primzahl: 10559
[2026-09-29 17:24:06] Primzahl: 10567
[2026-09-29 17:24:06] Primzahl: 10589
[2026-09-29 17:24:06] Primzahl: 10597
[2026-09-29 17:24:06] Primzahl: 10601
[2026-09-29 17:24:06] Primzahl: 10607
[2026-09-29 17:24:06] Primzahl: 10613
[2026-09-29 17:24:06] Primzahl: 10627
[2026-09-29 17:24:07] Primzahl: 10631
[2026-09-29 17:24:07] Primzahl: 10639
[2026-09-29 17:24:07] Primzahl: 10651
[2026-09-29 17:24:07] Primzahl: 10657
[2026-09-29 17:24:07] Primzahl: 10663
[2026-09-29 17:24:07] Primzahl: 10667
[2026-09-29 17:24:07] Primzahl: 10687
[2026-09-29 17:24:07] Primzahl: 10691
[2026-09-29 17:24:07] Primzahl: 10709
[2026-09-29 17:24:07] Zwilling: 10709, 10711
[2026-09-29 17:24:07] Primzahl: 10711
[2026-09-29 17:24:07] Primzahl: 10723
[2026-09-29 17:24:07] Primzahl: 10729
[2026-09-29 17:24:07] Primzahl: 10733
[2026-09-29 17:24:07] Primzahl: 10739
[2026-09-29 17:24:07] Primzahl: 10753
[2026-09-29 17:24:07] Primzahl: 10771
[2026-09-29 17:24:07] Primzahl: 10781
[2026-09-29 17:24:07] Primzahl: 10789
[2026-09-29 17:24:07] Primzahl: 10799
[2026-09-29 17:24:07] Primzahl: 10831
[2026-09-29 17:24:07] Primzahl: 10837
[2026-09-29 17:24:07] Primzahl: 10847
[2026-09-29 17:24:07] Primzahl: 10853
[2026-09-29 17:24:07] Primzahl: 10859
[2026-09-29 17:24:07] Zwilling: 10859, 10861
[2026-09-29 17:24:07] Primzahl: 10861
[2026-09-29 17:24:07] Primzahl: 10867
[2026-09-29 17:24:07] Primzahl: 10883
[2026-09-29 17:24:07] Primzahl: 10889
[2026-09-29 17:24:07] Zwilling: 10889, 10891
[2026-09-29 17:24:07] Primzahl: 10891
[2026-09-29 17:24:07] Primzahl: 10903
[2026-09-29 17:24:07] Primzahl: 10909
[2026-09-29 17:24:07] Primzahl: 10937
[2026-09-29 17:24:07] Zwilling: 10937, 10939
[2026-09-29 17:24:07] Primzahl: 10939
[2026-09-29 17:24:07] Primzahl: 10949
[2026-09-29 17:24:07] Primzahl: 10957
[2026-09-29 17:24:07] Primzahl: 10973
[2026-09-29 17:24:07] Primzahl: 10979
[2026-09-29 17:24:07] Primzahl: 10987
[2026-09-29 17:24:07] Primzahl: 10993
[2026-09-29 17:24:07] Primzahl: 11003
[2026-09-29 17:24:07] Primzahl: 11027
[2026-09-29 17:24:07] Primzahl: 11047
[2026-09-29 17:24:07] Primzahl: 11057
[2026-09-29 17:24:07] Zwilling: 11057, 11059
[2026-09-29 17:24:07] Primzahl: 11059
[2026-09-29 17:24:07] Primzahl: 11069
[2026-09-29 17:24:07] Zwilling: 11069, 11071
[2026-09-29 17:24:07] Primzahl: 11071
[2026-09-29 17:24:07] Primzahl: 11083
[2026-09-29 17:24:07] Primzahl: 11087
[2026-09-29 17:24:07] Primzahl: 11093
[2026-09-29 17:24:07] Primzahl: 11113
[2026-09-29 17:24:07] Trilling: 11113, 11117, 11119
[2026-09-29 17:24:07] Primzahl: 11117
[2026-09-29 17:24:07] Zwilling: 11117, 11119
[2026-09-29 17:24:07] Primzahl: 11119
[2026-09-29 17:24:07] Primzahl: 11131
[2026-09-29 17:24:07] Primzahl: 11149
[2026-09-29 17:24:07] Primzahl: 11159
[2026-09-29 17:24:07] Zwilling: 11159, 11161
[2026-09-29 17:24:07] Primzahl: 11161
[2026-09-29 17:24:07] Primzahl: 11171
[2026-09-29 17:24:07] Zwilling: 11171, 11173
[2026-09-29 17:24:07] Trilling: 11171, 11173, 11177
[2026-09-29 17:24:07] Primzahl: 11173
[2026-09-29 17:24:07] Primzahl: 11177
[2026-09-29 17:24:07] Primzahl: 11197
[2026-09-29 17:24:07] Primzahl: 11213
[2026-09-29 17:24:07] Primzahl: 11239
[2026-09-29 17:24:07] Primzahl: 11243
[2026-09-29 17:24:07] Primzahl: 11251
[2026-09-29 17:24:07] Primzahl: 11257
[2026-09-29 17:24:07] Primzahl: 11261
[2026-09-29 17:24:07] Primzahl: 11273
[2026-09-29 17:24:07] Primzahl: 11279
[2026-09-29 17:24:07] Primzahl: 11287
[2026-09-29 17:24:07] Primzahl: 11299
[2026-09-29 17:24:07] Primzahl: 11311
[2026-09-29 17:24:07] Primzahl: 11317
[2026-09-29 17:24:07] Primzahl: 11321
[2026-09-29 17:24:07] Primzahl: 11329
[2026-09-29 17:24:07] Primzahl: 11351
[2026-09-29 17:24:07] Zwilling: 11351, 11353
[2026-09-29 17:24:07] Primzahl: 11353
[2026-09-29 17:24:07] Primzahl: 11369
[2026-09-29 17:24:07] Primzahl: 11383
[2026-09-29 17:24:07] Primzahl: 11393
[2026-09-29 17:24:07] Primzahl: 11399
[2026-09-29 17:24:08] Primzahl: 11411
[2026-09-29 17:24:08] Primzahl: 11423
[2026-09-29 17:24:08] Primzahl: 11437
[2026-09-29 17:24:08] Primzahl: 11443
[2026-09-29 17:24:08] Primzahl: 11447
[2026-09-29 17:24:08] Primzahl: 11467
[2026-09-29 17:24:08] Primzahl: 11471
[2026-09-29 17:24:08] Primzahl: 11483
[2026-09-29 17:24:08] Primzahl: 11489
[2026-09-29 17:24:08] Zwilling: 11489, 11491
[2026-09-29 17:24:08] Primzahl: 11491
[2026-09-29 17:24:08] Primzahl: 11497
[2026-09-29 17:24:08] Primzahl: 11503
[2026-09-29 17:24:08] Primzahl: 11519
[2026-09-29 17:24:08] Primzahl: 11527
[2026-09-29 17:24:08] Primzahl: 11549
[2026-09-29 17:24:08] Zwilling: 11549, 11551
[2026-09-29 17:24:08] Primzahl: 11551
[2026-09-29 17:24:08] Primzahl: 11579
[2026-09-29 17:24:08] Primzahl: 11587
[2026-09-29 17:24:08] Primzahl: 11593
[2026-09-29 17:24:08] Primzahl: 11597
[2026-09-29 17:24:08] Primzahl: 11617
[2026-09-29 17:24:08] Primzahl: 11621
[2026-09-29 17:24:08] Primzahl: 11633
[2026-09-29 17:24:08] Primzahl: 11657
[2026-09-29 17:24:08] Primzahl: 11677
[2026-09-29 17:24:08] Primzahl: 11681
[2026-09-29 17:24:08] Primzahl: 11689
[2026-09-29 17:24:08] Primzahl: 11699
[2026-09-29 17:24:08] Zwilling: 11699, 11701
[2026-09-29 17:24:08] Primzahl: 11701
[2026-09-29 17:24:08] Primzahl: 11717
[2026-09-29 17:24:08] Zwilling: 11717, 11719
[2026-09-29 17:24:08] Primzahl: 11719
[2026-09-29 17:24:08] Primzahl: 11731
[2026-09-29 17:24:08] Primzahl: 11743
[2026-09-29 17:24:08] Primzahl: 11777
[2026-09-29 17:24:08] Zwilling: 11777, 11779
[2026-09-29 17:24:08] Trilling: 11777, 11779, 11783
[2026-09-29 17:24:08] Primzahl: 11779
[2026-09-29 17:24:08] Primzahl: 11783
[2026-09-29 17:24:08] Primzahl: 11789
[2026-09-29 17:24:08] Primzahl: 11801
[2026-09-29 17:24:08] Primzahl: 11807
[2026-09-29 17:24:08] Primzahl: 11813
[2026-09-29 17:24:08] Primzahl: 11821
[2026-09-29 17:24:08] Primzahl: 11827
[2026-09-29 17:24:08] Trilling: 11827, 11831, 11833
[2026-09-29 17:24:08] Primzahl: 11831
[2026-09-29 17:24:08] Zwilling: 11831, 11833
[2026-09-29 17:24:08] Primzahl: 11833
[2026-09-29 17:24:08] Primzahl: 11839
[2026-09-29 17:24:08] Primzahl: 11863
[2026-09-29 17:24:08] Primzahl: 11867
[2026-09-29 17:24:08] Primzahl: 11887
[2026-09-29 17:24:08] Primzahl: 11897
[2026-09-29 17:24:08] Primzahl: 11903
[2026-09-29 17:24:08] Primzahl: 11909
[2026-09-29 17:24:08] Primzahl: 11923
[2026-09-29 17:24:08] Primzahl: 11927
[2026-09-29 17:24:08] Primzahl: 11933
[2026-09-29 17:24:08] Primzahl: 11939
[2026-09-29 17:24:08] Zwilling: 11939, 11941
[2026-09-29 17:24:08] Primzahl: 11941
[2026-09-29 17:24:08] Primzahl: 11953
[2026-09-29 17:24:08] Primzahl: 11959
[2026-09-29 17:24:08] Primzahl: 11969
[2026-09-29 17:24:08] Zwilling: 11969, 11971
[2026-09-29 17:24:08] Primzahl: 11971
[2026-09-29 17:24:08] Primzahl: 11981
[2026-09-29 17:24:08] Primzahl: 11987
[2026-09-29 17:24:08] Primzahl: 12007
[2026-09-29 17:24:08] Primzahl: 12011
[2026-09-29 17:24:08] Primzahl: 12037
[2026-09-29 17:24:08] Trilling: 12037, 12041, 12043
[2026-09-29 17:24:08] Primzahl: 12041
[2026-09-29 17:24:08] Zwilling: 12041, 12043
[2026-09-29 17:24:08] Primzahl: 12043
[2026-09-29 17:24:08] Primzahl: 12049
[2026-09-29 17:24:08] Primzahl: 12071
[2026-09-29 17:24:08] Zwilling: 12071, 12073
[2026-09-29 17:24:08] Primzahl: 12073
[2026-09-29 17:24:08] Primzahl: 12097
[2026-09-29 17:24:08] Primzahl: 12101
[2026-09-29 17:24:09] Primzahl: 12107
[2026-09-29 17:24:09] Zwilling: 12107, 12109
[2026-09-29 17:24:09] Trilling: 12107, 12109, 12113
[2026-09-29 17:24:09] Primzahl: 12109
[2026-09-29 17:24:09] Primzahl: 12113
[2026-09-29 17:24:09] Primzahl: 12119
[2026-09-29 17:24:09] Primzahl: 12143
[2026-09-29 17:24:09] Primzahl: 12149
[2026-09-29 17:24:09] Primzahl: 12157
[2026-09-29 17:24:09] Trilling: 12157, 12161, 12163
[2026-09-29 17:24:09] Primzahl: 12161
[2026-09-29 17:24:09] Zwilling: 12161, 12163
[2026-09-29 17:24:09] Primzahl: 12163
[2026-09-29 17:24:09] Primzahl: 12197
[2026-09-29 17:24:09] Primzahl: 12203
[2026-09-29 17:24:09] Primzahl: 12211
[2026-09-29 17:24:09] Primzahl: 12227
[2026-09-29 17:24:09] Primzahl: 12239
[2026-09-29 17:24:09] Zwilling: 12239, 12241
[2026-09-29 17:24:09] Primzahl: 12241
[2026-09-29 17:24:09] Primzahl: 12251
[2026-09-29 17:24:09] Zwilling: 12251, 12253
[2026-09-29 17:24:09] Primzahl: 12253
[2026-09-29 17:24:09] Primzahl: 12263
[2026-09-29 17:24:09] Primzahl: 12269
[2026-09-29 17:24:09] Primzahl: 12277
[2026-09-29 17:24:09] Primzahl: 12281
[2026-09-29 17:24:09] Primzahl: 12289
[2026-09-29 17:24:09] Primzahl: 12301
[2026-09-29 17:24:09] Primzahl: 12323
[2026-09-29 17:24:09] Primzahl: 12329
[2026-09-29 17:24:09] Primzahl: 12343
[2026-09-29 17:24:09] Primzahl: 12347
[2026-09-29 17:24:09] Primzahl: 12373
[2026-09-29 17:24:09] Trilling: 12373, 12377, 12379
[2026-09-29 17:24:09] Primzahl: 12377
[2026-09-29 17:24:09] Zwilling: 12377, 12379
[2026-09-29 17:24:09] Primzahl: 12379
[2026-09-29 17:24:09] Primzahl: 12391
[2026-09-29 17:24:09] Primzahl: 12401
[2026-09-29 17:24:09] Primzahl: 12409
[2026-09-29 17:24:09] Primzahl: 12413
[2026-09-29 17:24:09] Primzahl: 12421
[2026-09-29 17:24:09] Primzahl: 12433
[2026-09-29 17:24:09] Primzahl: 12437
[2026-09-29 17:24:09] Primzahl: 12451
[2026-09-29 17:24:09] Primzahl: 12457
[2026-09-29 17:24:09] Primzahl: 12473
[2026-09-29 17:24:09] Primzahl: 12479
[2026-09-29 17:24:09] Primzahl: 12487
[2026-09-29 17:24:09] Primzahl: 12491
[2026-09-29 17:24:09] Primzahl: 12497
[2026-09-29 17:24:09] Primzahl: 12503
[2026-09-29 17:24:09] Primzahl: 12511
[2026-09-29 17:24:09] Primzahl: 12517
[2026-09-29 17:24:09] Primzahl: 12527
[2026-09-29 17:24:09] Primzahl: 12539
[2026-09-29 17:24:09] Zwilling: 12539, 12541
[2026-09-29 17:24:09] Primzahl: 12541
[2026-09-29 17:24:09] Primzahl: 12547
[2026-09-29 17:24:09] Primzahl: 12553
[2026-09-29 17:24:09] Primzahl: 12569
[2026-09-29 17:24:09] Primzahl: 12577
[2026-09-29 17:24:09] Primzahl: 12583
[2026-09-29 17:24:09] Primzahl: 12589
[2026-09-29 17:24:09] Primzahl: 12601
[2026-09-29 17:24:09] Primzahl: 12611
[2026-09-29 17:24:09] Zwilling: 12611, 12613
[2026-09-29 17:24:09] Primzahl: 12613
[2026-09-29 17:24:09] Primzahl: 12619
[2026-09-29 17:24:09] Primzahl: 12637
[2026-09-29 17:24:09] Primzahl: 12641
[2026-09-29 17:24:09] Primzahl: 12647
[2026-09-29 17:24:09] Primzahl: 12653
[2026-09-29 17:24:09] Primzahl: 12659
[2026-09-29 17:24:09] Primzahl: 12671
[2026-09-29 17:24:09] Primzahl: 12689
[2026-09-29 17:24:09] Primzahl: 12697
[2026-09-29 17:24:09] Primzahl: 12703
[2026-09-29 17:24:09] Primzahl: 12713
[2026-09-29 17:24:09] Primzahl: 12721
[2026-09-29 17:24:09] Primzahl: 12739
[2026-09-29 17:24:09] Primzahl: 12743
[2026-09-29 17:24:09] Primzahl: 12757
[2026-09-29 17:24:09] Primzahl: 12763
[2026-09-29 17:24:09] Primzahl: 12781
[2026-09-29 17:24:09] Primzahl: 12791
[2026-09-29 17:24:09] Primzahl: 12799
[2026-09-29 17:24:09] Primzahl: 12809
[2026-09-29 17:24:09] Primzahl: 12821
[2026-09-29 17:24:09] Zwilling: 12821, 12823
[2026-09-29 17:24:09] Primzahl: 12823
[2026-09-29 17:24:10] Primzahl: 12829
[2026-09-29 17:24:10] Primzahl: 12841
[2026-09-29 17:24:10] Primzahl: 12853
[2026-09-29 17:24:10] Primzahl: 12889
[2026-09-29 17:24:10] Primzahl: 12893
[2026-09-29 17:24:10] Primzahl: 12899
[2026-09-29 17:24:10] Primzahl: 12907
[2026-09-29 17:24:10] Primzahl: 12911
[2026-09-29 17:24:10] Primzahl: 12917
[2026-09-29 17:24:10] Zwilling: 12917, 12919
[2026-09-29 17:24:10] Trilling: 12917, 12919, 12923
[2026-09-29 17:24:10] Primzahl: 12919
[2026-09-29 17:24:10] Primzahl: 12923
[2026-09-29 17:24:10] Primzahl: 12941
[2026-09-29 17:24:10] Primzahl: 12953
[2026-09-29 17:24:10] Primzahl: 12959
[2026-09-29 17:24:10] Primzahl: 12967
[2026-09-29 17:24:10] Primzahl: 12973
[2026-09-29 17:24:10] Primzahl: 12979
[2026-09-29 17:24:10] Primzahl: 12983
[2026-09-29 17:24:10] Primzahl: 13001
[2026-09-29 17:24:10] Zwilling: 13001, 13003
[2026-09-29 17:24:10] Trilling: 13001, 13003, 13007
[2026-09-29 17:24:10] Vierling: 13001, 13003, 13007, 13009
[2026-09-29 17:24:10] Primzahl: 13003
[2026-09-29 17:24:10] Trilling: 13003, 13007, 13009
[2026-09-29 17:24:10] Primzahl: 13007
[2026-09-29 17:24:10] Zwilling: 13007, 13009
[2026-09-29 17:24:10] Primzahl: 13009
[2026-09-29 17:24:10] Primzahl: 13033
[2026-09-29 17:24:10] Primzahl: 13037
[2026-09-29 17:24:10] Primzahl: 13043
[2026-09-29 17:24:10] Primzahl: 13049
[2026-09-29 17:24:10] Primzahl: 13063
[2026-09-29 17:24:10] Primzahl: 13093
[2026-09-29 17:24:10] Primzahl: 13099
[2026-09-29 17:24:10] Primzahl: 13103
[2026-09-29 17:24:10] Primzahl: 13109
[2026-09-29 17:24:10] Primzahl: 13121
[2026-09-29 17:24:10] Primzahl: 13127
[2026-09-29 17:24:10] Primzahl: 13147
[2026-09-29 17:24:10] Primzahl: 13151
[2026-09-29 17:24:10] Primzahl: 13159
[2026-09-29 17:24:10] Primzahl: 13163
[2026-09-29 17:24:10] Primzahl: 13171
[2026-09-29 17:24:10] Primzahl: 13177
[2026-09-29 17:24:10] Primzahl: 13183
[2026-09-29 17:24:10] Primzahl: 13187
[2026-09-29 17:24:10] Primzahl: 13217
[2026-09-29 17:24:10] Zwilling: 13217, 13219
[2026-09-29 17:24:10] Primzahl: 13219
[2026-09-29 17:24:10] Primzahl: 13229
[2026-09-29 17:24:10] Primzahl: 13241
[2026-09-29 17:24:10] Primzahl: 13249
[2026-09-29 17:24:10] Primzahl: 13259
[2026-09-29 17:24:10] Primzahl: 13267
[2026-09-29 17:24:10] Primzahl: 13291
[2026-09-29 17:24:10] Primzahl: 13297
[2026-09-29 17:24:10] Primzahl: 13309
[2026-09-29 17:24:10] Primzahl: 13313
[2026-09-29 17:24:10] Primzahl: 13327
[2026-09-29 17:24:10] Primzahl: 13331
[2026-09-29 17:24:10] Primzahl: 13337
[2026-09-29 17:24:10] Zwilling: 13337, 13339
[2026-09-29 17:24:10] Primzahl: 13339
[2026-09-29 17:24:10] Primzahl: 13367
[2026-09-29 17:24:10] Primzahl: 13381
[2026-09-29 17:24:10] Primzahl: 13397
[2026-09-29 17:24:10] Zwilling: 13397, 13399
[2026-09-29 17:24:10] Primzahl: 13399
[2026-09-29 17:24:10] Primzahl: 13411
[2026-09-29 17:24:10] Primzahl: 13417
[2026-09-29 17:24:10] Primzahl: 13421
[2026-09-29 17:24:10] Primzahl: 13441
[2026-09-29 17:24:10] Primzahl: 13451
[2026-09-29 17:24:10] Primzahl: 13457
[2026-09-29 17:24:10] Primzahl: 13463
[2026-09-29 17:24:10] Primzahl: 13469
[2026-09-29 17:24:10] Primzahl: 13477
[2026-09-29 17:24:10] Primzahl: 13487
[2026-09-29 17:24:10] Primzahl: 13499
[2026-09-29 17:24:10] Primzahl: 13513
[2026-09-29 17:24:10] Primzahl: 13523
[2026-09-29 17:24:10] Primzahl: 13537
[2026-09-29 17:24:10] Primzahl: 13553
[2026-09-29 17:24:10] Primzahl: 13567
[2026-09-29 17:24:10] Primzahl: 13577
[2026-09-29 17:24:10] Primzahl: 13591
[2026-09-29 17:24:10] Primzahl: 13597
[2026-09-29 17:24:10] Primzahl: 13613
[2026-09-29 17:24:10] Primzahl: 13619
[2026-09-29 17:24:10] Primzahl: 13627
[2026-09-29 17:24:10] Primzahl: 13633
[2026-09-29 17:24:10] Primzahl: 13649
[2026-09-29 17:24:10] Primzahl: 13669
[2026-09-29 17:24:10] Primzahl: 13679
[2026-09-29 17:24:10] Zwilling: 13679, 13681
[2026-09-29 17:24:10] Primzahl: 13681
[2026-09-29 17:24:10] Primzahl: 13687
[2026-09-29 17:24:10] Trilling: 13687, 13691, 13693
[2026-09-29 17:24:10] Primzahl: 13691
[2026-09-29 17:24:10] Zwilling: 13691, 13693
[2026-09-29 17:24:10] Trilling: 13691, 13693, 13697
[2026-09-29 17:24:10] Primzahl: 13693
[2026-09-29 17:24:10] Primzahl: 13697
[2026-09-29 17:24:10] Primzahl: 13709
[2026-09-29 17:24:10] Zwilling: 13709, 13711
[2026-09-29 17:24:10] Primzahl: 13711
[2026-09-29 17:24:10] Primzahl: 13721
[2026-09-29 17:24:10] Zwilling: 13721, 13723
[2026-09-29 17:24:10] Primzahl: 13723
[2026-09-29 17:24:10] Primzahl: 13729
[2026-09-29 17:24:10] Primzahl: 13751
[2026-09-29 17:24:10] Primzahl: 13757
[2026-09-29 17:24:10] Zwilling: 13757, 13759
[2026-09-29 17:24:10] Trilling: 13757, 13759, 13763
[2026-09-29 17:24:10] Primzahl: 13759
[2026-09-29 17:24:10] Primzahl: 13763
[2026-09-29 17:24:10] Primzahl: 13781
[2026-09-29 17:24:10] Primzahl: 13789
[2026-09-29 17:24:10] Primzahl: 13799
[2026-09-29 17:24:10] Primzahl: 13807
[2026-09-29 17:24:10] Primzahl: 13829
[2026-09-29 17:24:10] Zwilling: 13829, 13831
[2026-09-29 17:24:10] Primzahl: 13831
[2026-09-29 17:24:10] Primzahl: 13841
[2026-09-29 17:24:10] Primzahl: 13859
[2026-09-29 17:24:10] Primzahl: 13873
[2026-09-29 17:24:10] Trilling: 13873, 13877, 13879
[2026-09-29 17:24:10] Primzahl: 13877
[2026-09-29 17:24:10] Zwilling: 13877, 13879
[2026-09-29 17:24:11] Trilling: 13877, 13879, 13883
[2026-09-29 17:24:11] Primzahl: 13879
[2026-09-29 17:24:11] Primzahl: 13883
[2026-09-29 17:24:11] Primzahl: 13901
[2026-09-29 17:24:11] Zwilling: 13901, 13903
[2026-09-29 17:24:11] Trilling: 13901, 13903, 13907
[2026-09-29 17:24:11] Primzahl: 13903
[2026-09-29 17:24:11] Primzahl: 13907
[2026-09-29 17:24:11] Primzahl: 13913
[2026-09-29 17:24:11] Primzahl: 13921
[2026-09-29 17:24:11] Primzahl: 13931
[2026-09-29 17:24:11] Zwilling: 13931, 13933
[2026-09-29 17:24:11] Primzahl: 13933
[2026-09-29 17:24:11] Primzahl: 13963
[2026-09-29 17:24:11] Primzahl: 13967
[2026-09-29 17:24:11] Primzahl: 13997
[2026-09-29 17:24:11] Zwilling: 13997, 13999
[2026-09-29 17:24:11] Primzahl: 13999
[2026-09-29 17:24:11] Primzahl: 14009
[2026-09-29 17:24:11] Zwilling: 14009, 14011
[2026-09-29 17:24:11] Primzahl: 14011
[2026-09-29 17:24:11] Primzahl: 14029
[2026-09-29 17:24:11] Primzahl: 14033
[2026-09-29 17:24:11] Primzahl: 14051
[2026-09-29 17:24:11] Primzahl: 14057
[2026-09-29 17:24:11] Primzahl: 14071
[2026-09-29 17:24:11] Primzahl: 14081
[2026-09-29 17:24:11] Zwilling: 14081, 14083
[2026-09-29 17:24:11] Trilling: 14081, 14083, 14087
[2026-09-29 17:24:11] Primzahl: 14083
[2026-09-29 17:24:11] Primzahl: 14087
[2026-09-29 17:24:11] Primzahl: 14107
[2026-09-29 17:24:11] Primzahl: 14143
[2026-09-29 17:24:11] Primzahl: 14149
[2026-09-29 17:24:11] Primzahl: 14153
[2026-09-29 17:24:11] Primzahl: 14159
[2026-09-29 17:24:11] Primzahl: 14173
[2026-09-29 17:24:11] Primzahl: 14177
[2026-09-29 17:24:11] Primzahl: 14197
[2026-09-29 17:24:11] Primzahl: 14207
[2026-09-29 17:24:11] Primzahl: 14221
[2026-09-29 17:24:11] Primzahl: 14243
[2026-09-29 17:24:11] Primzahl: 14249
[2026-09-29 17:24:11] Zwilling: 14249, 14251
[2026-09-29 17:24:11] Primzahl: 14251
[2026-09-29 17:24:11] Primzahl: 14281
[2026-09-29 17:24:11] Primzahl: 14293
[2026-09-29 17:24:11] Primzahl: 14303
[2026-09-29 17:24:11] Primzahl: 14321
[2026-09-29 17:24:11] Zwilling: 14321, 14323
[2026-09-29 17:24:11] Trilling: 14321, 14323, 14327
[2026-09-29 17:24:11] Primzahl: 14323
[2026-09-29 17:24:11] Primzahl: 14327
[2026-09-29 17:24:11] Primzahl: 14341
[2026-09-29 17:24:11] Primzahl: 14347
[2026-09-29 17:24:11] Primzahl: 14369
[2026-09-29 17:24:11] Primzahl: 14387
[2026-09-29 17:24:11] Zwilling: 14387, 14389
[2026-09-29 17:24:11] Primzahl: 14389
[2026-09-29 17:24:11] Primzahl: 14401
[2026-09-29 17:24:11] Primzahl: 14407
[2026-09-29 17:24:11] Primzahl: 14411
[2026-09-29 17:24:11] Primzahl: 14419
[2026-09-29 17:24:11] Primzahl: 14423
[2026-09-29 17:24:11] Primzahl: 14431
[2026-09-29 17:24:11] Primzahl: 14437
[2026-09-29 17:24:11] Primzahl: 14447
[2026-09-29 17:24:11] Zwilling: 14447, 14449
[2026-09-29 17:24:11] Primzahl: 14449
[2026-09-29 17:24:11] Primzahl: 14461
[2026-09-29 17:24:11] Primzahl: 14479
[2026-09-29 17:24:11] Primzahl: 14489
[2026-09-29 17:24:11] Primzahl: 14503
[2026-09-29 17:24:11] Primzahl: 14519
[2026-09-29 17:24:11] Primzahl: 14533
[2026-09-29 17:24:11] Primzahl: 14537
[2026-09-29 17:24:11] Primzahl: 14543
[2026-09-29 17:24:11] Primzahl: 14549
[2026-09-29 17:24:11] Zwilling: 14549, 14551
[2026-09-29 17:24:11] Primzahl: 14551
[2026-09-29 17:24:11] Primzahl: 14557
[2026-09-29 17:24:11] Trilling: 14557, 14561, 14563
[2026-09-29 17:24:11] Primzahl: 14561
[2026-09-29 17:24:11] Zwilling: 14561, 14563
[2026-09-29 17:24:11] Primzahl: 14563
[2026-09-29 17:24:11] Primzahl: 14591
[2026-09-29 17:24:11] Zwilling: 14591, 14593
[2026-09-29 17:24:11] Primzahl: 14593
[2026-09-29 17:24:11] Primzahl: 14621
[2026-09-29 17:24:11] Primzahl: 14627
[2026-09-29 17:24:11] Zwilling: 14627, 14629
[2026-09-29 17:24:11] Trilling: 14627, 14629, 14633
[2026-09-29 17:24:11] Primzahl: 14629
[2026-09-29 17:24:11] Primzahl: 14633
[2026-09-29 17:24:11] Primzahl: 14639
[2026-09-29 17:24:11] Primzahl: 14653
[2026-09-29 17:24:11] Primzahl: 14657
[2026-09-29 17:24:11] Primzahl: 14669
[2026-09-29 17:24:11] Primzahl: 14683
[2026-09-29 17:24:11] Primzahl: 14699
[2026-09-29 17:24:11] Primzahl: 14713
[2026-09-29 17:24:11] Primzahl: 14717
[2026-09-29 17:24:11] Primzahl: 14723
[2026-09-29 17:24:11] Primzahl: 14731
[2026-09-29 17:24:11] Primzahl: 14737
[2026-09-29 17:24:11] Primzahl: 14741
[2026-09-29 17:24:11] Primzahl: 14747
[2026-09-29 17:24:11] Primzahl: 14753
[2026-09-29 17:24:11] Primzahl: 14759
[2026-09-29 17:24:11] Primzahl: 14767
[2026-09-29 17:24:11] Primzahl: 14771
[2026-09-29 17:24:11] Primzahl: 14779
[2026-09-29 17:24:11] Primzahl: 14783
[2026-09-29 17:24:12] Primzahl: 14797
[2026-09-29 17:24:12] Primzahl: 14813
[2026-09-29 17:24:12] Primzahl: 14821
[2026-09-29 17:24:12] Primzahl: 14827
[2026-09-29 17:24:12] Primzahl: 14831
[2026-09-29 17:24:12] Primzahl: 14843
[2026-09-29 17:24:12] Primzahl: 14851
[2026-09-29 17:24:12] Primzahl: 14867
[2026-09-29 17:24:12] Zwilling: 14867, 14869
[2026-09-29 17:24:12] Primzahl: 14869
[2026-09-29 17:24:12] Primzahl: 14879
[2026-09-29 17:24:12] Primzahl: 14887
[2026-09-29 17:24:12] Primzahl: 14891
[2026-09-29 17:24:12] Primzahl: 14897
[2026-09-29 17:24:12] Primzahl: 14923
[2026-09-29 17:24:12] Primzahl: 14929
[2026-09-29 17:24:12] Primzahl: 14939
[2026-09-29 17:24:12] Primzahl: 14947
[2026-09-29 17:24:12] Primzahl: 14951
[2026-09-29 17:24:12] Primzahl: 14957
[2026-09-29 17:24:12] Primzahl: 14969
[2026-09-29 17:24:12] Primzahl: 14983
[2026-09-29 17:24:12] Primzahl: 15013
[2026-09-29 17:24:12] Primzahl: 15017
[2026-09-29 17:24:12] Primzahl: 15031
[2026-09-29 17:24:12] Primzahl: 15053
[2026-09-29 17:24:12] Primzahl: 15061
[2026-09-29 17:24:12] Primzahl: 15073
[2026-09-29 17:24:12] Primzahl: 15077
[2026-09-29 17:24:12] Primzahl: 15083
[2026-09-29 17:24:12] Primzahl: 15091
[2026-09-29 17:24:12] Primzahl: 15101
[2026-09-29 17:24:12] Primzahl: 15107
[2026-09-29 17:24:12] Primzahl: 15121
[2026-09-29 17:24:12] Primzahl: 15131
[2026-09-29 17:24:12] Primzahl: 15137
[2026-09-29 17:24:12] Zwilling: 15137, 15139
[2026-09-29 17:24:12] Primzahl: 15139
[2026-09-29 17:24:12] Primzahl: 15149
[2026-09-29 17:24:12] Primzahl: 15161
[2026-09-29 17:24:12] Primzahl: 15173
[2026-09-29 17:24:12] Primzahl: 15187
[2026-09-29 17:24:12] Primzahl: 15193
[2026-09-29 17:24:12] Primzahl: 15199
[2026-09-29 17:24:12] Primzahl: 15217
[2026-09-29 17:24:12] Primzahl: 15227
[2026-09-29 17:24:12] Primzahl: 15233
[2026-09-29 17:24:12] Primzahl: 15241
[2026-09-29 17:24:12] Primzahl: 15259
[2026-09-29 17:24:12] Primzahl: 15263
[2026-09-29 17:24:12] Primzahl: 15269
[2026-09-29 17:24:12] Zwilling: 15269, 15271
[2026-09-29 17:24:12] Primzahl: 15271
[2026-09-29 17:24:12] Primzahl: 15277
[2026-09-29 17:24:12] Primzahl: 15287
[2026-09-29 17:24:12] Zwilling: 15287, 15289
[2026-09-29 17:24:12] Primzahl: 15289
[2026-09-29 17:24:12] Primzahl: 15299
[2026-09-29 17:24:12] Primzahl: 15307
[2026-09-29 17:24:12] Primzahl: 15313
[2026-09-29 17:24:12] Primzahl: 15319
[2026-09-29 17:24:12] Primzahl: 15329
[2026-09-29 17:24:12] Zwilling: 15329, 15331
[2026-09-29 17:24:12] Primzahl: 15331
[2026-09-29 17:24:12] Primzahl: 15349
[2026-09-29 17:24:12] Primzahl: 15359
[2026-09-29 17:24:12] Zwilling: 15359, 15361
[2026-09-29 17:24:12] Primzahl: 15361
[2026-09-29 17:24:12] Primzahl: 15373
[2026-09-29 17:24:12] Primzahl: 15377
[2026-09-29 17:24:12] Primzahl: 15383
[2026-09-29 17:24:12] Primzahl: 15391
[2026-09-29 17:24:12] Primzahl: 15401
[2026-09-29 17:24:12] Primzahl: 15413
[2026-09-29 17:24:12] Primzahl: 15427
[2026-09-29 17:24:12] Primzahl: 15439
[2026-09-29 17:24:12] Primzahl: 15443
[2026-09-29 17:24:12] Primzahl: 15451
[2026-09-29 17:24:12] Primzahl: 15461
[2026-09-29 17:24:12] Primzahl: 15467
[2026-09-29 17:24:12] Primzahl: 15473
[2026-09-29 17:24:12] Primzahl: 15493
[2026-09-29 17:24:12] Primzahl: 15497
[2026-09-29 17:24:12] Primzahl: 15511
[2026-09-29 17:24:12] Primzahl: 15527
[2026-09-29 17:24:12] Primzahl: 15541
[2026-09-29 17:24:12] Primzahl: 15551
[2026-09-29 17:24:12] Primzahl: 15559
[2026-09-29 17:24:12] Primzahl: 15569
[2026-09-29 17:24:12] Primzahl: 15581
[2026-09-29 17:24:12] Zwilling: 15581, 15583
[2026-09-29 17:24:12] Primzahl: 15583
[2026-09-29 17:24:12] Primzahl: 15601
[2026-09-29 17:24:12] Primzahl: 15607
[2026-09-29 17:24:12] Primzahl: 15619
[2026-09-29 17:24:13] Primzahl: 15629
[2026-09-29 17:24:13] Primzahl: 15641
[2026-09-29 17:24:13] Zwilling: 15641, 15643
[2026-09-29 17:24:13] Trilling: 15641, 15643, 15647
[2026-09-29 17:24:13] Vierling: 15641, 15643, 15647, 15649
[2026-09-29 17:24:13] Primzahl: 15643
[2026-09-29 17:24:13] Trilling: 15643, 15647, 15649
[2026-09-29 17:24:13] Primzahl: 15647
[2026-09-29 17:24:13] Zwilling: 15647, 15649
[2026-09-29 17:24:13] Primzahl: 15649
[2026-09-29 17:24:13] Primzahl: 15661
[2026-09-29 17:24:13] Primzahl: 15667
[2026-09-29 17:24:13] Primzahl: 15671
[2026-09-29 17:24:13] Primzahl: 15679
[2026-09-29 17:24:13] Primzahl: 15683
[2026-09-29 17:24:13] Primzahl: 15727
[2026-09-29 17:24:13] Trilling: 15727, 15731, 15733
[2026-09-29 17:24:13] Primzahl: 15731
[2026-09-29 17:24:13] Zwilling: 15731, 15733
[2026-09-29 17:24:13] Trilling: 15731, 15733, 15737
[2026-09-29 17:24:13] Vierling: 15731, 15733, 15737, 15739
[2026-09-29 17:24:13] Primzahl: 15733
[2026-09-29 17:24:13] Trilling: 15733, 15737, 15739
[2026-09-29 17:24:13] Primzahl: 15737
[2026-09-29 17:24:13] Zwilling: 15737, 15739
[2026-09-29 17:24:13] Primzahl: 15739
[2026-09-29 17:24:13] Primzahl: 15749
[2026-09-29 17:24:13] Primzahl: 15761
[2026-09-29 17:24:13] Primzahl: 15767
[2026-09-29 17:24:13] Primzahl: 15773
[2026-09-29 17:24:13] Primzahl: 15787
[2026-09-29 17:24:13] Primzahl: 15791
[2026-09-29 17:24:13] Primzahl: 15797
[2026-09-29 17:24:13] Primzahl: 15803
[2026-09-29 17:24:13] Primzahl: 15809
[2026-09-29 17:24:13] Primzahl: 15817
[2026-09-29 17:24:13] Primzahl: 15823
[2026-09-29 17:24:13] Primzahl: 15859
[2026-09-29 17:24:13] Primzahl: 15877
[2026-09-29 17:24:13] Primzahl: 15881
[2026-09-29 17:24:13] Primzahl: 15887
[2026-09-29 17:24:13] Zwilling: 15887, 15889
[2026-09-29 17:24:13] Primzahl: 15889
[2026-09-29 17:24:13] Primzahl: 15901
[2026-09-29 17:24:13] Primzahl: 15907
[2026-09-29 17:24:13] Primzahl: 15913
[2026-09-29 17:24:13] Primzahl: 15919
[2026-09-29 17:24:13] Primzahl: 15923
[2026-09-29 17:24:13] Primzahl: 15937
[2026-09-29 17:24:13] Primzahl: 15959
[2026-09-29 17:24:13] Primzahl: 15971
[2026-09-29 17:24:13] Zwilling: 15971, 15973
[2026-09-29 17:24:13] Primzahl: 15973
[2026-09-29 17:24:13] Primzahl: 15991
[2026-09-29 17:24:13] Primzahl: 16001
[2026-09-29 17:24:13] Primzahl: 16007
[2026-09-29 17:24:13] Primzahl: 16033
[2026-09-29 17:24:13] Primzahl: 16057
[2026-09-29 17:24:13] Trilling: 16057, 16061, 16063
[2026-09-29 17:24:13] Primzahl: 16061
[2026-09-29 17:24:13] Zwilling: 16061, 16063
[2026-09-29 17:24:13] Trilling: 16061, 16063, 16067
[2026-09-29 17:24:13] Vierling: 16061, 16063, 16067, 16069
[2026-09-29 17:24:13] Primzahl: 16063
[2026-09-29 17:24:13] Trilling: 16063, 16067, 16069
[2026-09-29 17:24:13] Primzahl: 16067
[2026-09-29 17:24:13] Zwilling: 16067, 16069
[2026-09-29 17:24:13] Trilling: 16067, 16069, 16073
[2026-09-29 17:24:13] Primzahl: 16069
[2026-09-29 17:24:13] Primzahl: 16073
[2026-09-29 17:24:13] Primzahl: 16087
[2026-09-29 17:24:13] Primzahl: 16091
[2026-09-29 17:24:13] Primzahl: 16097
[2026-09-29 17:24:13] Primzahl: 16103
[2026-09-29 17:24:13] Primzahl: 16111
[2026-09-29 17:24:13] Primzahl: 16127
[2026-09-29 17:24:13] Primzahl: 16139
[2026-09-29 17:24:13] Zwilling: 16139, 16141
[2026-09-29 17:24:13] Primzahl: 16141
[2026-09-29 17:24:13] Primzahl: 16183
[2026-09-29 17:24:13] Trilling: 16183, 16187, 16189
[2026-09-29 17:24:13] Primzahl: 16187
[2026-09-29 17:24:13] Zwilling: 16187, 16189
[2026-09-29 17:24:13] Trilling: 16187, 16189, 16193
[2026-09-29 17:24:13] Primzahl: 16189
[2026-09-29 17:24:13] Primzahl: 16193
[2026-09-29 17:24:13] Primzahl: 16217
[2026-09-29 17:24:14] Primzahl: 16223
[2026-09-29 17:24:14] Primzahl: 16229
[2026-09-29 17:24:14] Zwilling: 16229, 16231
[2026-09-29 17:24:14] Primzahl: 16231
[2026-09-29 17:24:14] Primzahl: 16249
[2026-09-29 17:24:14] Primzahl: 16253
[2026-09-29 17:24:14] Primzahl: 16267
[2026-09-29 17:24:14] Primzahl: 16273
[2026-09-29 17:24:14] Primzahl: 16301
[2026-09-29 17:24:14] Primzahl: 16319
[2026-09-29 17:24:14] Primzahl: 16333
[2026-09-29 17:24:14] Primzahl: 16339
[2026-09-29 17:24:14] Primzahl: 16349
[2026-09-29 17:24:14] Primzahl: 16361
[2026-09-29 17:24:14] Zwilling: 16361, 16363
[2026-09-29 17:24:14] Primzahl: 16363
[2026-09-29 17:24:14] Primzahl: 16369
[2026-09-29 17:24:14] Primzahl: 16381
[2026-09-29 17:24:14] Primzahl: 16411
[2026-09-29 17:24:14] Primzahl: 16417
[2026-09-29 17:24:14] Primzahl: 16421
[2026-09-29 17:24:14] Primzahl: 16427
[2026-09-29 17:24:14] Primzahl: 16433
[2026-09-29 17:24:14] Primzahl: 16447
[2026-09-29 17:24:14] Trilling: 16447, 16451, 16453
[2026-09-29 17:24:14] Primzahl: 16451
[2026-09-29 17:24:14] Zwilling: 16451, 16453
[2026-09-29 17:24:14] Primzahl: 16453
[2026-09-29 17:24:14] Primzahl: 16477
[2026-09-29 17:24:14] Primzahl: 16481
[2026-09-29 17:24:14] Primzahl: 16487
[2026-09-29 17:24:14] Primzahl: 16493
[2026-09-29 17:24:14] Primzahl: 16519
[2026-09-29 17:24:14] Primzahl: 16529
[2026-09-29 17:24:14] Primzahl: 16547
[2026-09-29 17:24:14] Primzahl: 16553
[2026-09-29 17:24:14] Primzahl: 16561
[2026-09-29 17:24:14] Primzahl: 16567
[2026-09-29 17:24:14] Primzahl: 16573
[2026-09-29 17:24:14] Primzahl: 16603
[2026-09-29 17:24:14] Primzahl: 16607
[2026-09-29 17:24:14] Primzahl: 16619
[2026-09-29 17:24:14] Primzahl: 16631
[2026-09-29 17:24:14] Zwilling: 16631, 16633
[2026-09-29 17:24:14] Primzahl: 16633
[2026-09-29 17:24:14] Primzahl: 16649
[2026-09-29 17:24:14] Zwilling: 16649, 16651
[2026-09-29 17:24:14] Primzahl: 16651
[2026-09-29 17:24:14] Primzahl: 16657
[2026-09-29 17:24:14] Primzahl: 16661
[2026-09-29 17:24:14] Primzahl: 16673
[2026-09-29 17:24:14] Primzahl: 16691
[2026-09-29 17:24:14] Zwilling: 16691, 16693
[2026-09-29 17:24:14] Primzahl: 16693
[2026-09-29 17:24:14] Primzahl: 16699
[2026-09-29 17:24:14] Primzahl: 16703
[2026-09-29 17:24:14] Primzahl: 16729
[2026-09-29 17:24:14] Primzahl: 16741
[2026-09-29 17:24:14] Primzahl: 16747
[2026-09-29 17:24:14] Primzahl: 16759
[2026-09-29 17:24:14] Primzahl: 16763
[2026-09-29 17:24:14] Primzahl: 16787
[2026-09-29 17:24:14] Primzahl: 16811
[2026-09-29 17:24:14] Primzahl: 16823
[2026-09-29 17:24:14] Primzahl: 16829
[2026-09-29 17:24:14] Zwilling: 16829, 16831
[2026-09-29 17:24:14] Primzahl: 16831
[2026-09-29 17:24:14] Primzahl: 16843
[2026-09-29 17:24:14] Primzahl: 16871
[2026-09-29 17:24:14] Primzahl: 16879
[2026-09-29 17:24:14] Primzahl: 16883
[2026-09-29 17:24:14] Primzahl: 16889
[2026-09-29 17:24:14] Primzahl: 16901
[2026-09-29 17:24:14] Zwilling: 16901, 16903
[2026-09-29 17:24:14] Primzahl: 16903
[2026-09-29 17:24:14] Primzahl: 16921
[2026-09-29 17:24:14] Primzahl: 16927
[2026-09-29 17:24:14] Primzahl: 16931
[2026-09-29 17:24:14] Primzahl: 16937
[2026-09-29 17:24:15] Primzahl: 16943
[2026-09-29 17:24:15] Primzahl: 16963
[2026-09-29 17:24:15] Primzahl: 16979
[2026-09-29 17:24:15] Zwilling: 16979, 16981
[2026-09-29 17:24:15] Primzahl: 16981
[2026-09-29 17:24:15] Primzahl: 16987
[2026-09-29 17:24:15] Primzahl: 16993
[2026-09-29 17:24:15] Primzahl: 17011
[2026-09-29 17:24:15] Primzahl: 17021
[2026-09-29 17:24:15] Primzahl: 17027
[2026-09-29 17:24:15] Zwilling: 17027, 17029
[2026-09-29 17:24:15] Trilling: 17027, 17029, 17033
[2026-09-29 17:24:15] Primzahl: 17029
[2026-09-29 17:24:15] Primzahl: 17033
[2026-09-29 17:24:15] Primzahl: 17041
[2026-09-29 17:24:15] Primzahl: 17047
[2026-09-29 17:24:15] Primzahl: 17053
[2026-09-29 17:24:15] Primzahl: 17077
[2026-09-29 17:24:15] Primzahl: 17093
[2026-09-29 17:24:15] Primzahl: 17099
[2026-09-29 17:24:15] Primzahl: 17107
[2026-09-29 17:24:15] Primzahl: 17117
[2026-09-29 17:24:15] Primzahl: 17123
[2026-09-29 17:24:15] Primzahl: 17137
[2026-09-29 17:24:15] Primzahl: 17159
[2026-09-29 17:24:15] Primzahl: 17167
[2026-09-29 17:24:15] Primzahl: 17183
[2026-09-29 17:24:15] Primzahl: 17189
[2026-09-29 17:24:15] Zwilling: 17189, 17191
[2026-09-29 17:24:15] Primzahl: 17191
[2026-09-29 17:24:15] Primzahl: 17203
[2026-09-29 17:24:15] Trilling: 17203, 17207, 17209
[2026-09-29 17:24:15] Primzahl: 17207
[2026-09-29 17:24:15] Zwilling: 17207, 17209
[2026-09-29 17:24:15] Primzahl: 17209
[2026-09-29 17:24:15] Primzahl: 17231
[2026-09-29 17:24:15] Primzahl: 17239
[2026-09-29 17:24:15] Primzahl: 17257
[2026-09-29 17:24:15] Primzahl: 17291
[2026-09-29 17:24:15] Zwilling: 17291, 17293
[2026-09-29 17:24:15] Primzahl: 17293
[2026-09-29 17:24:15] Primzahl: 17299
[2026-09-29 17:24:15] Primzahl: 17317
[2026-09-29 17:24:15] Primzahl: 17321
[2026-09-29 17:24:15] Primzahl: 17327
[2026-09-29 17:24:15] Primzahl: 17333
[2026-09-29 17:24:15] Primzahl: 17341
[2026-09-29 17:24:15] Primzahl: 17351
[2026-09-29 17:24:15] Primzahl: 17359
[2026-09-29 17:24:15] Primzahl: 17377
[2026-09-29 17:24:15] Primzahl: 17383
[2026-09-29 17:24:15] Trilling: 17383, 17387, 17389
[2026-09-29 17:24:15] Primzahl: 17387
[2026-09-29 17:24:15] Zwilling: 17387, 17389
[2026-09-29 17:24:15] Trilling: 17387, 17389, 17393
[2026-09-29 17:24:15] Primzahl: 17389
[2026-09-29 17:24:15] Primzahl: 17393
[2026-09-29 17:24:15] Primzahl: 17401
[2026-09-29 17:24:15] Primzahl: 17417
[2026-09-29 17:24:15] Zwilling: 17417, 17419
[2026-09-29 17:24:15] Primzahl: 17419
[2026-09-29 17:24:15] Primzahl: 17431
[2026-09-29 17:24:15] Primzahl: 17443
[2026-09-29 17:24:15] Primzahl: 17449
[2026-09-29 17:24:15] Primzahl: 17467
[2026-09-29 17:24:15] Primzahl: 17471
[2026-09-29 17:24:15] Primzahl: 17477
[2026-09-29 17:24:15] Primzahl: 17483
[2026-09-29 17:24:15] Primzahl: 17489
[2026-09-29 17:24:15] Zwilling: 17489, 17491
[2026-09-29 17:24:15] Primzahl: 17491
[2026-09-29 17:24:15] Primzahl: 17497
[2026-09-29 17:24:15] Primzahl: 17509
[2026-09-29 17:24:15] Primzahl: 17519
[2026-09-29 17:24:15] Primzahl: 17539
[2026-09-29 17:24:15] Primzahl: 17551
[2026-09-29 17:24:15] Primzahl: 17569
[2026-09-29 17:24:15] Primzahl: 17573
[2026-09-29 17:24:15] Primzahl: 17579
[2026-09-29 17:24:15] Zwilling: 17579, 17581
[2026-09-29 17:24:15] Primzahl: 17581
[2026-09-29 17:24:15] Primzahl: 17597
[2026-09-29 17:24:15] Zwilling: 17597, 17599
[2026-09-29 17:24:15] Primzahl: 17599
[2026-09-29 17:24:15] Primzahl: 17609
[2026-09-29 17:24:15] Primzahl: 17623
[2026-09-29 17:24:15] Primzahl: 17627
[2026-09-29 17:24:15] Primzahl: 17657
[2026-09-29 17:24:15] Zwilling: 17657, 17659
[2026-09-29 17:24:15] Primzahl: 17659
[2026-09-29 17:24:15] Primzahl: 17669
[2026-09-29 17:24:16] Primzahl: 17681
[2026-09-29 17:24:16] Zwilling: 17681, 17683
[2026-09-29 17:24:16] Primzahl: 17683
[2026-09-29 17:24:16] Primzahl: 17707
[2026-09-29 17:24:16] Primzahl: 17713
[2026-09-29 17:24:16] Primzahl: 17729
[2026-09-29 17:24:16] Primzahl: 17737
[2026-09-29 17:24:16] Primzahl: 17747
[2026-09-29 17:24:16] Zwilling: 17747, 17749
[2026-09-29 17:24:16] Primzahl: 17749
[2026-09-29 17:24:16] Primzahl: 17761
[2026-09-29 17:24:16] Primzahl: 17783
[2026-09-29 17:24:16] Primzahl: 17789
[2026-09-29 17:24:16] Zwilling: 17789, 17791
[2026-09-29 17:24:16] Primzahl: 17791
[2026-09-29 17:24:16] Primzahl: 17807
[2026-09-29 17:24:16] Primzahl: 17827
[2026-09-29 17:24:16] Primzahl: 17837
[2026-09-29 17:24:16] Zwilling: 17837, 17839
[2026-09-29 17:24:16] Primzahl: 17839
[2026-09-29 17:24:16] Primzahl: 17851
[2026-09-29 17:24:16] Primzahl: 17863
[2026-09-29 17:24:16] Primzahl: 17881
[2026-09-29 17:24:16] Primzahl: 17891
[2026-09-29 17:24:16] Primzahl: 17903
[2026-09-29 17:24:16] Primzahl: 17909
[2026-09-29 17:24:16] Zwilling: 17909, 17911
[2026-09-29 17:24:16] Primzahl: 17911
[2026-09-29 17:24:16] Primzahl: 17921
[2026-09-29 17:24:16] Zwilling: 17921, 17923
[2026-09-29 17:24:16] Primzahl: 17923
[2026-09-29 17:24:16] Primzahl: 17929
[2026-09-29 17:24:16] Primzahl: 17939
[2026-09-29 17:24:16] Primzahl: 17957
[2026-09-29 17:24:16] Zwilling: 17957, 17959
[2026-09-29 17:24:16] Primzahl: 17959
[2026-09-29 17:24:16] Primzahl: 17971
[2026-09-29 17:24:16] Primzahl: 17977
[2026-09-29 17:24:16] Primzahl: 17981
[2026-09-29 17:24:16] Primzahl: 17987
[2026-09-29 17:24:16] Zwilling: 17987, 17989
[2026-09-29 17:24:16] Primzahl: 17989
[2026-09-29 17:24:16] Primzahl: 18013
[2026-09-29 17:24:16] Primzahl: 18041
[2026-09-29 17:24:16] Zwilling: 18041, 18043
[2026-09-29 17:24:16] Trilling: 18041, 18043, 18047
[2026-09-29 17:24:16] Vierling: 18041, 18043, 18047, 18049
[2026-09-29 17:24:16] Primzahl: 18043
[2026-09-29 17:24:16] Trilling: 18043, 18047, 18049
[2026-09-29 17:24:16] Primzahl: 18047
[2026-09-29 17:24:16] Zwilling: 18047, 18049
[2026-09-29 17:24:16] Primzahl: 18049
[2026-09-29 17:24:16] Primzahl: 18059
[2026-09-29 17:24:16] Zwilling: 18059, 18061
[2026-09-29 17:24:16] Primzahl: 18061
[2026-09-29 17:24:16] Primzahl: 18077
[2026-09-29 17:24:16] Primzahl: 18089
[2026-09-29 17:24:16] Primzahl: 18097
[2026-09-29 17:24:16] Primzahl: 18119
[2026-09-29 17:24:16] Zwilling: 18119, 18121
[2026-09-29 17:24:16] Primzahl: 18121
[2026-09-29 17:24:16] Primzahl: 18127
[2026-09-29 17:24:16] Trilling: 18127, 18131, 18133
[2026-09-29 17:24:16] Primzahl: 18131
[2026-09-29 17:24:16] Zwilling: 18131, 18133
[2026-09-29 17:24:16] Primzahl: 18133
[2026-09-29 17:24:16] Primzahl: 18143
[2026-09-29 17:24:16] Primzahl: 18149
[2026-09-29 17:24:16] Primzahl: 18169
[2026-09-29 17:24:16] Primzahl: 18181
[2026-09-29 17:24:16] Primzahl: 18191
[2026-09-29 17:24:16] Primzahl: 18199
[2026-09-29 17:24:16] Primzahl: 18211
[2026-09-29 17:24:16] Primzahl: 18217
[2026-09-29 17:24:16] Primzahl: 18223
[2026-09-29 17:24:16] Primzahl: 18229
[2026-09-29 17:24:16] Primzahl: 18233
[2026-09-29 17:24:16] Primzahl: 18251
[2026-09-29 17:24:16] Zwilling: 18251, 18253
[2026-09-29 17:24:16] Trilling: 18251, 18253, 18257
[2026-09-29 17:24:16] Primzahl: 18253
[2026-09-29 17:24:16] Primzahl: 18257
[2026-09-29 17:24:16] Primzahl: 18269
[2026-09-29 17:24:16] Primzahl: 18287
[2026-09-29 17:24:16] Zwilling: 18287, 18289
[2026-09-29 17:24:16] Primzahl: 18289
[2026-09-29 17:24:16] Primzahl: 18301
[2026-09-29 17:24:16] Primzahl: 18307
[2026-09-29 17:24:16] Trilling: 18307, 18311, 18313
[2026-09-29 17:24:16] Primzahl: 18311
[2026-09-29 17:24:16] Zwilling: 18311, 18313
[2026-09-29 17:24:16] Primzahl: 18313
[2026-09-29 17:24:16] Primzahl: 18329
[2026-09-29 17:24:16] Primzahl: 18341
[2026-09-29 17:24:16] Primzahl: 18353
[2026-09-29 17:24:16] Primzahl: 18367
[2026-09-29 17:24:16] Primzahl: 18371
[2026-09-29 17:24:16] Primzahl: 18379
[2026-09-29 17:24:16] Primzahl: 18397
[2026-09-29 17:24:16] Primzahl: 18401
[2026-09-29 17:24:16] Primzahl: 18413
[2026-09-29 17:24:16] Primzahl: 18427
[2026-09-29 17:24:16] Primzahl: 18433
[2026-09-29 17:24:16] Primzahl: 18439
[2026-09-29 17:24:16] Primzahl: 18443
[2026-09-29 17:24:16] Primzahl: 18451
[2026-09-29 17:24:16] Primzahl: 18457
[2026-09-29 17:24:16] Primzahl: 18461
[2026-09-29 17:24:16] Primzahl: 18481
[2026-09-29 17:24:16] Primzahl: 18493
[2026-09-29 17:24:16] Primzahl: 18503
[2026-09-29 17:24:16] Primzahl: 18517
[2026-09-29 17:24:16] Trilling: 18517, 18521, 18523
[2026-09-29 17:24:16] Primzahl: 18521
[2026-09-29 17:24:16] Zwilling: 18521, 18523
[2026-09-29 17:24:16] Primzahl: 18523
[2026-09-29 17:24:16] Primzahl: 18539
[2026-09-29 17:24:16] Zwilling: 18539, 18541
[2026-09-29 17:24:16] Primzahl: 18541
[2026-09-29 17:24:16] Primzahl: 18553
[2026-09-29 17:24:16] Primzahl: 18583
[2026-09-29 17:24:16] Primzahl: 18587
[2026-09-29 17:24:16] Primzahl: 18593
[2026-09-29 17:24:16] Primzahl: 18617
[2026-09-29 17:24:16] Primzahl: 18637
[2026-09-29 17:24:16] Primzahl: 18661
[2026-09-29 17:24:16] Primzahl: 18671
[2026-09-29 17:24:16] Primzahl: 18679
[2026-09-29 17:24:16] Primzahl: 18691
[2026-09-29 17:24:16] Primzahl: 18701
[2026-09-29 17:24:16] Primzahl: 18713
[2026-09-29 17:24:16] Primzahl: 18719
[2026-09-29 17:24:17] Primzahl: 18731
[2026-09-29 17:24:17] Primzahl: 18743
[2026-09-29 17:24:17] Primzahl: 18749
[2026-09-29 17:24:17] Primzahl: 18757
[2026-09-29 17:24:17] Primzahl: 18773
[2026-09-29 17:24:17] Primzahl: 18787
[2026-09-29 17:24:17] Primzahl: 18793
[2026-09-29 17:24:17] Primzahl: 18797
[2026-09-29 17:24:17] Primzahl: 18803
[2026-09-29 17:24:17] Primzahl: 18839
[2026-09-29 17:24:17] Primzahl: 18859
[2026-09-29 17:24:17] Primzahl: 18869
[2026-09-29 17:24:17] Primzahl: 18899
[2026-09-29 17:24:17] Primzahl: 18911
[2026-09-29 17:24:17] Zwilling: 18911, 18913
[2026-09-29 17:24:17] Trilling: 18911, 18913, 18917
[2026-09-29 17:24:17] Vierling: 18911, 18913, 18917, 18919
[2026-09-29 17:24:17] Primzahl: 18913
[2026-09-29 17:24:17] Trilling: 18913, 18917, 18919
[2026-09-29 17:24:17] Primzahl: 18917
[2026-09-29 17:24:17] Zwilling: 18917, 18919
[2026-09-29 17:24:17] Primzahl: 18919
[2026-09-29 17:24:17] Primzahl: 18947
[2026-09-29 17:24:17] Primzahl: 18959
[2026-09-29 17:24:17] Primzahl: 18973
[2026-09-29 17:24:17] Primzahl: 18979
[2026-09-29 17:24:17] Primzahl: 19001
[2026-09-29 17:24:17] Primzahl: 19009
[2026-09-29 17:24:17] Primzahl: 19013
[2026-09-29 17:24:17] Primzahl: 19031
[2026-09-29 17:24:17] Primzahl: 19037
[2026-09-29 17:24:17] Primzahl: 19051
[2026-09-29 17:24:17] Primzahl: 19069
[2026-09-29 17:24:17] Primzahl: 19073
[2026-09-29 17:24:17] Primzahl: 19079
[2026-09-29 17:24:17] Zwilling: 19079, 19081
[2026-09-29 17:24:17] Primzahl: 19081
[2026-09-29 17:24:17] Primzahl: 19087
[2026-09-29 17:24:17] Primzahl: 19121
[2026-09-29 17:24:17] Primzahl: 19139
[2026-09-29 17:24:17] Zwilling: 19139, 19141
[2026-09-29 17:24:17] Primzahl: 19141
[2026-09-29 17:24:17] Primzahl: 19157
[2026-09-29 17:24:17] Primzahl: 19163
[2026-09-29 17:24:17] Primzahl: 19181
[2026-09-29 17:24:17] Zwilling: 19181, 19183
[2026-09-29 17:24:17] Primzahl: 19183
[2026-09-29 17:24:17] Primzahl: 19207
[2026-09-29 17:24:17] Trilling: 19207, 19211, 19213
[2026-09-29 17:24:17] Primzahl: 19211
[2026-09-29 17:24:17] Zwilling: 19211, 19213
[2026-09-29 17:24:17] Primzahl: 19213
[2026-09-29 17:24:17] Primzahl: 19219
[2026-09-29 17:24:17] Primzahl: 19231
[2026-09-29 17:24:17] Primzahl: 19237
[2026-09-29 17:24:17] Primzahl: 19249
[2026-09-29 17:24:17] Primzahl: 19259
[2026-09-29 17:24:17] Primzahl: 19267
[2026-09-29 17:24:17] Primzahl: 19273
[2026-09-29 17:24:17] Primzahl: 19289
[2026-09-29 17:24:17] Primzahl: 19301
[2026-09-29 17:24:17] Primzahl: 19309
[2026-09-29 17:24:17] Primzahl: 19319
[2026-09-29 17:24:17] Primzahl: 19333
[2026-09-29 17:24:17] Primzahl: 19373
[2026-09-29 17:24:17] Primzahl: 19379
[2026-09-29 17:24:17] Zwilling: 19379, 19381
[2026-09-29 17:24:17] Primzahl: 19381
[2026-09-29 17:24:17] Primzahl: 19387
[2026-09-29 17:24:17] Primzahl: 19391
[2026-09-29 17:24:17] Primzahl: 19403
[2026-09-29 17:24:17] Primzahl: 19417
[2026-09-29 17:24:17] Trilling: 19417, 19421, 19423
[2026-09-29 17:24:17] Primzahl: 19421
[2026-09-29 17:24:17] Zwilling: 19421, 19423
[2026-09-29 17:24:17] Trilling: 19421, 19423, 19427
[2026-09-29 17:24:17] Vierling: 19421, 19423, 19427, 19429
[2026-09-29 17:24:17] Primzahl: 19423
[2026-09-29 17:24:17] Trilling: 19423, 19427, 19429
[2026-09-29 17:24:17] Primzahl: 19427
[2026-09-29 17:24:17] Zwilling: 19427, 19429
[2026-09-29 17:24:17] Trilling: 19427, 19429, 19433
[2026-09-29 17:24:17] Primzahl: 19429
[2026-09-29 17:24:17] Primzahl: 19433
[2026-09-29 17:24:17] Primzahl: 19441
[2026-09-29 17:24:17] Primzahl: 19447
[2026-09-29 17:24:17] Primzahl: 19457
[2026-09-29 17:24:17] Primzahl: 19463
[2026-09-29 17:24:17] Primzahl: 19469
[2026-09-29 17:24:17] Zwilling: 19469, 19471
[2026-09-29 17:24:17] Primzahl: 19471
[2026-09-29 17:24:17] Primzahl: 19477
[2026-09-29 17:24:17] Primzahl: 19483
[2026-09-29 17:24:17] Primzahl: 19489
[2026-09-29 17:24:17] Primzahl: 19501
[2026-09-29 17:24:17] Primzahl: 19507
[2026-09-29 17:24:17] Primzahl: 19531
[2026-09-29 17:24:17] Primzahl: 19541
[2026-09-29 17:24:17] Zwilling: 19541, 19543
[2026-09-29 17:24:17] Primzahl: 19543
[2026-09-29 17:24:17] Primzahl: 19553
[2026-09-29 17:24:17] Primzahl: 19559
[2026-09-29 17:24:17] Primzahl: 19571
[2026-09-29 17:24:17] Primzahl: 19577
[2026-09-29 17:24:17] Primzahl: 19583
[2026-09-29 17:24:17] Primzahl: 19597
[2026-09-29 17:24:17] Primzahl: 19603
[2026-09-29 17:24:17] Primzahl: 19609
[2026-09-29 17:24:17] Primzahl: 19661
[2026-09-29 17:24:17] Primzahl: 19681
[2026-09-29 17:24:18] Primzahl: 19687
[2026-09-29 17:24:18] Primzahl: 19697
[2026-09-29 17:24:18] Zwilling: 19697, 19699
[2026-09-29 17:24:18] Primzahl: 19699
[2026-09-29 17:24:18] Primzahl: 19709
[2026-09-29 17:24:18] Primzahl: 19717
[2026-09-29 17:24:18] Primzahl: 19727
[2026-09-29 17:24:18] Primzahl: 19739
[2026-09-29 17:24:18] Primzahl: 19751
[2026-09-29 17:24:18] Zwilling: 19751, 19753
[2026-09-29 17:24:18] Primzahl: 19753
[2026-09-29 17:24:18] Primzahl: 19759
[2026-09-29 17:24:18] Primzahl: 19763
[2026-09-29 17:24:18] Primzahl: 19777
[2026-09-29 17:24:18] Primzahl: 19793
[2026-09-29 17:24:18] Primzahl: 19801
[2026-09-29 17:24:18] Primzahl: 19813
[2026-09-29 17:24:18] Primzahl: 19819
[2026-09-29 17:24:18] Primzahl: 19841
[2026-09-29 17:24:18] Zwilling: 19841, 19843
[2026-09-29 17:24:18] Primzahl: 19843
[2026-09-29 17:24:18] Primzahl: 19853
[2026-09-29 17:24:18] Primzahl: 19861
[2026-09-29 17:24:18] Primzahl: 19867
[2026-09-29 17:24:18] Primzahl: 19889
[2026-09-29 17:24:18] Zwilling: 19889, 19891
[2026-09-29 17:24:18] Primzahl: 19891
[2026-09-29 17:24:18] Primzahl: 19913
[2026-09-29 17:24:18] Primzahl: 19919
[2026-09-29 17:24:18] Primzahl: 19927
[2026-09-29 17:24:18] Primzahl: 19937
[2026-09-29 17:24:18] Primzahl: 19949
[2026-09-29 17:24:18] Primzahl: 19961
[2026-09-29 17:24:18] Zwilling: 19961, 19963
[2026-09-29 17:24:18] Primzahl: 19963
[2026-09-29 17:24:18] Primzahl: 19973
[2026-09-29 17:24:18] Primzahl: 19979
[2026-09-29 17:24:18] Primzahl: 19991
[2026-09-29 17:24:18] Zwilling: 19991, 19993
[2026-09-29 17:24:18] Trilling: 19991, 19993, 19997
[2026-09-29 17:24:18] Primzahl: 19993
[2026-09-29 17:24:18] Primzahl: 19997
[2026-09-29 17:24:18] Primzahl: 20011
[2026-09-29 17:24:18] Primzahl: 20021
[2026-09-29 17:24:18] Zwilling: 20021, 20023
[2026-09-29 17:24:18] Primzahl: 20023
[2026-09-29 17:24:18] Primzahl: 20029
[2026-09-29 17:24:18] Primzahl: 20047
[2026-09-29 17:24:18] Primzahl: 20051
[2026-09-29 17:24:18] Primzahl: 20063
[2026-09-29 17:24:18] Primzahl: 20071
[2026-09-29 17:24:18] Primzahl: 20089
[2026-09-29 17:24:18] Primzahl: 20101
[2026-09-29 17:24:18] Primzahl: 20107
[2026-09-29 17:24:18] Primzahl: 20113
[2026-09-29 17:24:18] Primzahl: 20117
[2026-09-29 17:24:18] Primzahl: 20123
[2026-09-29 17:24:18] Primzahl: 20129
[2026-09-29 17:24:18] Primzahl: 20143
[2026-09-29 17:24:18] Trilling: 20143, 20147, 20149
[2026-09-29 17:24:18] Primzahl: 20147
[2026-09-29 17:24:18] Zwilling: 20147, 20149
[2026-09-29 17:24:18] Primzahl: 20149
[2026-09-29 17:24:18] Primzahl: 20161
[2026-09-29 17:24:18] Primzahl: 20173
[2026-09-29 17:24:18] Primzahl: 20177
[2026-09-29 17:24:18] Primzahl: 20183
[2026-09-29 17:24:18] Primzahl: 20201
[2026-09-29 17:24:18] Primzahl: 20219
[2026-09-29 17:24:18] Primzahl: 20231
[2026-09-29 17:24:18] Zwilling: 20231, 20233
[2026-09-29 17:24:18] Primzahl: 20233
[2026-09-29 17:24:18] Primzahl: 20249
[2026-09-29 17:24:18] Primzahl: 20261
[2026-09-29 17:24:18] Primzahl: 20269
[2026-09-29 17:24:18] Primzahl: 20287
[2026-09-29 17:24:18] Primzahl: 20297
[2026-09-29 17:24:18] Primzahl: 20323
[2026-09-29 17:24:18] Primzahl: 20327
[2026-09-29 17:24:18] Primzahl: 20333
[2026-09-29 17:24:18] Primzahl: 20341
[2026-09-29 17:24:18] Primzahl: 20347
[2026-09-29 17:24:18] Primzahl: 20353
[2026-09-29 17:24:18] Trilling: 20353, 20357, 20359
[2026-09-29 17:24:18] Primzahl: 20357
[2026-09-29 17:24:18] Zwilling: 20357, 20359
[2026-09-29 17:24:18] Primzahl: 20359
[2026-09-29 17:24:18] Primzahl: 20369
[2026-09-29 17:24:18] Primzahl: 20389
[2026-09-29 17:24:18] Primzahl: 20393
[2026-09-29 17:24:18] Primzahl: 20399
[2026-09-29 17:24:18] Primzahl: 20407
[2026-09-29 17:24:18] Primzahl: 20411
[2026-09-29 17:24:18] Primzahl: 20431
[2026-09-29 17:24:18] Primzahl: 20441
[2026-09-29 17:24:18] Zwilling: 20441, 20443
[2026-09-29 17:24:18] Primzahl: 20443
[2026-09-29 17:24:19] Primzahl: 20477
[2026-09-29 17:24:19] Zwilling: 20477, 20479
[2026-09-29 17:24:19] Trilling: 20477, 20479, 20483
[2026-09-29 17:24:19] Primzahl: 20479
[2026-09-29 17:24:19] Primzahl: 20483
[2026-09-29 17:24:19] Primzahl: 20507
[2026-09-29 17:24:19] Zwilling: 20507, 20509
[2026-09-29 17:24:19] Primzahl: 20509
[2026-09-29 17:24:19] Primzahl: 20521
[2026-09-29 17:24:19] Primzahl: 20533
[2026-09-29 17:24:19] Primzahl: 20543
[2026-09-29 17:24:19] Primzahl: 20549
[2026-09-29 17:24:19] Zwilling: 20549, 20551
[2026-09-29 17:24:19] Primzahl: 20551
[2026-09-29 17:24:19] Primzahl: 20563
[2026-09-29 17:24:19] Primzahl: 20593
[2026-09-29 17:24:19] Primzahl: 20599
[2026-09-29 17:24:19] Primzahl: 20611
[2026-09-29 17:24:19] Primzahl: 20627
[2026-09-29 17:24:19] Primzahl: 20639
[2026-09-29 17:24:19] Zwilling: 20639, 20641
[2026-09-29 17:24:19] Primzahl: 20641
[2026-09-29 17:24:19] Primzahl: 20663
[2026-09-29 17:24:19] Primzahl: 20681
[2026-09-29 17:24:19] Primzahl: 20693
[2026-09-29 17:24:19] Primzahl: 20707
[2026-09-29 17:24:19] Primzahl: 20717
[2026-09-29 17:24:19] Zwilling: 20717, 20719
[2026-09-29 17:24:19] Primzahl: 20719
[2026-09-29 17:24:19] Primzahl: 20731
[2026-09-29 17:24:19] Primzahl: 20743
[2026-09-29 17:24:19] Trilling: 20743, 20747, 20749
[2026-09-29 17:24:19] Primzahl: 20747
[2026-09-29 17:24:19] Zwilling: 20747, 20749
[2026-09-29 17:24:19] Trilling: 20747, 20749, 20753
[2026-09-29 17:24:19] Primzahl: 20749
[2026-09-29 17:24:19] Primzahl: 20753
[2026-09-29 17:24:19] Primzahl: 20759
[2026-09-29 17:24:19] Primzahl: 20771
[2026-09-29 17:24:19] Zwilling: 20771, 20773
[2026-09-29 17:24:19] Primzahl: 20773
[2026-09-29 17:24:19] Primzahl: 20789
[2026-09-29 17:24:19] Primzahl: 20807
[2026-09-29 17:24:19] Zwilling: 20807, 20809
[2026-09-29 17:24:19] Primzahl: 20809
[2026-09-29 17:24:19] Primzahl: 20849
[2026-09-29 17:24:19] Primzahl: 20857
[2026-09-29 17:24:19] Primzahl: 20873
[2026-09-29 17:24:19] Primzahl: 20879
[2026-09-29 17:24:19] Primzahl: 20887
[2026-09-29 17:24:19] Primzahl: 20897
[2026-09-29 17:24:19] Zwilling: 20897, 20899
[2026-09-29 17:24:19] Trilling: 20897, 20899, 20903
[2026-09-29 17:24:19] Primzahl: 20899
[2026-09-29 17:24:19] Primzahl: 20903
[2026-09-29 17:24:19] Primzahl: 20921
[2026-09-29 17:24:19] Primzahl: 20929
[2026-09-29 17:24:19] Primzahl: 20939
[2026-09-29 17:24:19] Primzahl: 20947
[2026-09-29 17:24:19] Primzahl: 20959
[2026-09-29 17:24:19] Primzahl: 20963
[2026-09-29 17:24:19] Primzahl: 20981
[2026-09-29 17:24:19] Zwilling: 20981, 20983
[2026-09-29 17:24:19] Primzahl: 20983
[2026-09-29 17:24:19] Primzahl: 21001
[2026-09-29 17:24:19] Primzahl: 21011
[2026-09-29 17:24:19] Zwilling: 21011, 21013
[2026-09-29 17:24:19] Trilling: 21011, 21013, 21017
[2026-09-29 17:24:19] Vierling: 21011, 21013, 21017, 21019
[2026-09-29 17:24:19] Primzahl: 21013
[2026-09-29 17:24:19] Trilling: 21013, 21017, 21019
[2026-09-29 17:24:19] Primzahl: 21017
[2026-09-29 17:24:19] Zwilling: 21017, 21019
[2026-09-29 17:24:19] Trilling: 21017, 21019, 21023
[2026-09-29 17:24:19] Primzahl: 21019
[2026-09-29 17:24:19] Primzahl: 21023
[2026-09-29 17:24:19] Primzahl: 21031
[2026-09-29 17:24:19] Primzahl: 21059
[2026-09-29 17:24:19] Zwilling: 21059, 21061
[2026-09-29 17:24:19] Primzahl: 21061
[2026-09-29 17:24:19] Primzahl: 21067
[2026-09-29 17:24:19] Primzahl: 21089
[2026-09-29 17:24:19] Primzahl: 21101
[2026-09-29 17:24:19] Primzahl: 21107
[2026-09-29 17:24:19] Primzahl: 21121
[2026-09-29 17:24:19] Primzahl: 21139
[2026-09-29 17:24:19] Primzahl: 21143
[2026-09-29 17:24:20] Primzahl: 21149
[2026-09-29 17:24:20] Primzahl: 21157
[2026-09-29 17:24:20] Primzahl: 21163
[2026-09-29 17:24:20] Primzahl: 21169
[2026-09-29 17:24:20] Primzahl: 21179
[2026-09-29 17:24:20] Primzahl: 21187
[2026-09-29 17:24:20] Trilling: 21187, 21191, 21193
[2026-09-29 17:24:20] Primzahl: 21191
[2026-09-29 17:24:20] Zwilling: 21191, 21193
[2026-09-29 17:24:20] Primzahl: 21193
[2026-09-29 17:24:20] Primzahl: 21211
[2026-09-29 17:24:20] Primzahl: 21221
[2026-09-29 17:24:20] Primzahl: 21227
[2026-09-29 17:24:20] Primzahl: 21247
[2026-09-29 17:24:20] Primzahl: 21269
[2026-09-29 17:24:20] Primzahl: 21277
[2026-09-29 17:24:20] Primzahl: 21283
[2026-09-29 17:24:20] Primzahl: 21313
[2026-09-29 17:24:20] Trilling: 21313, 21317, 21319
[2026-09-29 17:24:20] Primzahl: 21317
[2026-09-29 17:24:20] Zwilling: 21317, 21319
[2026-09-29 17:24:20] Trilling: 21317, 21319, 21323
[2026-09-29 17:24:20] Primzahl: 21319
[2026-09-29 17:24:20] Primzahl: 21323
[2026-09-29 17:24:20] Primzahl: 21341
[2026-09-29 17:24:20] Primzahl: 21347
[2026-09-29 17:24:20] Primzahl: 21377
[2026-09-29 17:24:20] Zwilling: 21377, 21379
[2026-09-29 17:24:20] Trilling: 21377, 21379, 21383
[2026-09-29 17:24:20] Primzahl: 21379
[2026-09-29 17:24:20] Primzahl: 21383
[2026-09-29 17:24:20] Primzahl: 21391
[2026-09-29 17:24:20] Primzahl: 21397
[2026-09-29 17:24:20] Primzahl: 21401
[2026-09-29 17:24:20] Primzahl: 21407
[2026-09-29 17:24:20] Primzahl: 21419
[2026-09-29 17:24:20] Primzahl: 21433
[2026-09-29 17:24:20] Primzahl: 21467
[2026-09-29 17:24:20] Primzahl: 21481
[2026-09-29 17:24:20] Primzahl: 21487
[2026-09-29 17:24:20] Trilling: 21487, 21491, 21493
[2026-09-29 17:24:20] Primzahl: 21491
[2026-09-29 17:24:20] Zwilling: 21491, 21493
[2026-09-29 17:24:20] Primzahl: 21493
[2026-09-29 17:24:20] Primzahl: 21499
[2026-09-29 17:24:20] Primzahl: 21503
[2026-09-29 17:24:20] Primzahl: 21517
[2026-09-29 17:24:20] Trilling: 21517, 21521, 21523
[2026-09-29 17:24:20] Primzahl: 21521
[2026-09-29 17:24:20] Zwilling: 21521, 21523
[2026-09-29 17:24:20] Primzahl: 21523
[2026-09-29 17:24:20] Primzahl: 21529
[2026-09-29 17:24:20] Primzahl: 21557
[2026-09-29 17:24:20] Zwilling: 21557, 21559
[2026-09-29 17:24:20] Trilling: 21557, 21559, 21563
[2026-09-29 17:24:20] Primzahl: 21559
[2026-09-29 17:24:20] Primzahl: 21563
[2026-09-29 17:24:20] Primzahl: 21569
[2026-09-29 17:24:20] Primzahl: 21577
[2026-09-29 17:24:20] Primzahl: 21587
[2026-09-29 17:24:20] Zwilling: 21587, 21589
[2026-09-29 17:24:20] Primzahl: 21589
[2026-09-29 17:24:20] Primzahl: 21599
[2026-09-29 17:24:20] Zwilling: 21599, 21601
[2026-09-29 17:24:20] Primzahl: 21601
[2026-09-29 17:24:20] Primzahl: 21611
[2026-09-29 17:24:20] Zwilling: 21611, 21613
[2026-09-29 17:24:20] Trilling: 21611, 21613, 21617
[2026-09-29 17:24:20] Primzahl: 21613
[2026-09-29 17:24:20] Primzahl: 21617
[2026-09-29 17:24:20] Primzahl: 21647
[2026-09-29 17:24:20] Zwilling: 21647, 21649
[2026-09-29 17:24:20] Primzahl: 21649
[2026-09-29 17:24:20] Primzahl: 21661
[2026-09-29 17:24:20] Primzahl: 21673
[2026-09-29 17:24:20] Primzahl: 21683
[2026-09-29 17:24:20] Primzahl: 21701
[2026-09-29 17:24:20] Primzahl: 21713
[2026-09-29 17:24:20] Primzahl: 21727
[2026-09-29 17:24:20] Primzahl: 21737
[2026-09-29 17:24:21] Zwilling: 21737, 21739
[2026-09-29 17:24:21] Primzahl: 21739
[2026-09-29 17:24:21] Primzahl: 21751
[2026-09-29 17:24:21] Primzahl: 21757
[2026-09-29 17:24:21] Primzahl: 21767
[2026-09-29 17:24:21] Primzahl: 21773
[2026-09-29 17:24:21] Primzahl: 21787
[2026-09-29 17:24:21] Primzahl: 21799
[2026-09-29 17:24:21] Primzahl: 21803
[2026-09-29 17:24:21] Primzahl: 21817
[2026-09-29 17:24:21] Primzahl: 21821
[2026-09-29 17:24:21] Primzahl: 21839
[2026-09-29 17:24:21] Zwilling: 21839, 21841
[2026-09-29 17:24:21] Primzahl: 21841
[2026-09-29 17:24:21] Primzahl: 21851
[2026-09-29 17:24:21] Primzahl: 21859
[2026-09-29 17:24:21] Primzahl: 21863
[2026-09-29 17:24:21] Primzahl: 21871
[2026-09-29 17:24:21] Primzahl: 21881
[2026-09-29 17:24:21] Primzahl: 21893
[2026-09-29 17:24:21] Primzahl: 21911
[2026-09-29 17:24:21] Primzahl: 21929
[2026-09-29 17:24:21] Primzahl: 21937
[2026-09-29 17:24:21] Primzahl: 21943
[2026-09-29 17:24:21] Primzahl: 21961
[2026-09-29 17:24:21] Primzahl: 21977
[2026-09-29 17:24:21] Primzahl: 21991
[2026-09-29 17:24:21] Primzahl: 21997
[2026-09-29 17:24:21] Primzahl: 22003
[2026-09-29 17:24:21] Primzahl: 22013
[2026-09-29 17:24:21] Primzahl: 22027
[2026-09-29 17:24:21] Primzahl: 22031
[2026-09-29 17:24:21] Primzahl: 22037
[2026-09-29 17:24:21] Zwilling: 22037, 22039
[2026-09-29 17:24:21] Primzahl: 22039
[2026-09-29 17:24:21] Primzahl: 22051
[2026-09-29 17:24:21] Primzahl: 22063
[2026-09-29 17:24:21] Primzahl: 22067
[2026-09-29 17:24:21] Primzahl: 22073
[2026-09-29 17:24:21] Primzahl: 22079
[2026-09-29 17:24:21] Primzahl: 22091
[2026-09-29 17:24:21] Zwilling: 22091, 22093
[2026-09-29 17:24:21] Primzahl: 22093
[2026-09-29 17:24:21] Primzahl: 22109
[2026-09-29 17:24:21] Zwilling: 22109, 22111
[2026-09-29 17:24:21] Primzahl: 22111
[2026-09-29 17:24:21] Primzahl: 22123
[2026-09-29 17:24:21] Primzahl: 22129
[2026-09-29 17:24:21] Primzahl: 22133
[2026-09-29 17:24:21] Primzahl: 22147
[2026-09-29 17:24:21] Primzahl: 22153
[2026-09-29 17:24:21] Trilling: 22153, 22157, 22159
[2026-09-29 17:24:21] Primzahl: 22157
[2026-09-29 17:24:21] Zwilling: 22157, 22159
[2026-09-29 17:24:21] Primzahl: 22159
[2026-09-29 17:24:21] Primzahl: 22171
[2026-09-29 17:24:21] Primzahl: 22189
[2026-09-29 17:24:21] Primzahl: 22193
[2026-09-29 17:24:21] Primzahl: 22229
[2026-09-29 17:24:21] Primzahl: 22247
[2026-09-29 17:24:21] Primzahl: 22259
[2026-09-29 17:24:21] Primzahl: 22271
[2026-09-29 17:24:21] Zwilling: 22271, 22273
[2026-09-29 17:24:21] Trilling: 22271, 22273, 22277
[2026-09-29 17:24:21] Vierling: 22271, 22273, 22277, 22279
[2026-09-29 17:24:21] Primzahl: 22273
[2026-09-29 17:24:21] Trilling: 22273, 22277, 22279
[2026-09-29 17:24:21] Primzahl: 22277
[2026-09-29 17:24:21] Zwilling: 22277, 22279
[2026-09-29 17:24:21] Trilling: 22277, 22279, 22283
[2026-09-29 17:24:21] Primzahl: 22279
[2026-09-29 17:24:21] Primzahl: 22283
[2026-09-29 17:24:21] Primzahl: 22291
[2026-09-29 17:24:21] Primzahl: 22303
[2026-09-29 17:24:21] Primzahl: 22307
[2026-09-29 17:24:21] Primzahl: 22343
[2026-09-29 17:24:22] Primzahl: 22349
[2026-09-29 17:24:22] Primzahl: 22367
[2026-09-29 17:24:22] Zwilling: 22367, 22369
[2026-09-29 17:24:22] Primzahl: 22369
[2026-09-29 17:24:22] Primzahl: 22381
[2026-09-29 17:24:22] Primzahl: 22391
[2026-09-29 17:24:22] Primzahl: 22397
[2026-09-29 17:24:22] Primzahl: 22409
[2026-09-29 17:24:22] Primzahl: 22433
[2026-09-29 17:24:22] Primzahl: 22441
[2026-09-29 17:24:22] Primzahl: 22447
[2026-09-29 17:24:22] Primzahl: 22453
[2026-09-29 17:24:22] Primzahl: 22469
[2026-09-29 17:24:22] Primzahl: 22481
[2026-09-29 17:24:22] Zwilling: 22481, 22483
[2026-09-29 17:24:22] Primzahl: 22483
[2026-09-29 17:24:22] Primzahl: 22501
[2026-09-29 17:24:22] Primzahl: 22511
[2026-09-29 17:24:22] Primzahl: 22531
[2026-09-29 17:24:22] Primzahl: 22541
[2026-09-29 17:24:22] Zwilling: 22541, 22543
[2026-09-29 17:24:22] Primzahl: 22543
[2026-09-29 17:24:22] Primzahl: 22549
[2026-09-29 17:24:22] Primzahl: 22567
[2026-09-29 17:24:22] Trilling: 22567, 22571, 22573
[2026-09-29 17:24:22] Primzahl: 22571
[2026-09-29 17:24:22] Zwilling: 22571, 22573
[2026-09-29 17:24:22] Primzahl: 22573
[2026-09-29 17:24:22] Primzahl: 22613
[2026-09-29 17:24:22] Primzahl: 22619
[2026-09-29 17:24:22] Zwilling: 22619, 22621
[2026-09-29 17:24:22] Primzahl: 22621
[2026-09-29 17:24:22] Primzahl: 22637
[2026-09-29 17:24:22] Zwilling: 22637, 22639
[2026-09-29 17:24:22] Trilling: 22637, 22639, 22643
[2026-09-29 17:24:22] Primzahl: 22639
[2026-09-29 17:24:22] Primzahl: 22643
[2026-09-29 17:24:22] Primzahl: 22651
[2026-09-29 17:24:22] Primzahl: 22669
[2026-09-29 17:24:22] Primzahl: 22679
[2026-09-29 17:24:22] Primzahl: 22691
[2026-09-29 17:24:22] Primzahl: 22697
[2026-09-29 17:24:22] Zwilling: 22697, 22699
[2026-09-29 17:24:22] Primzahl: 22699
[2026-09-29 17:24:22] Primzahl: 22709
[2026-09-29 17:24:22] Primzahl: 22717
[2026-09-29 17:24:22] Primzahl: 22721
[2026-09-29 17:24:22] Primzahl: 22727
[2026-09-29 17:24:22] Primzahl: 22739
[2026-09-29 17:24:22] Zwilling: 22739, 22741
[2026-09-29 17:24:22] Primzahl: 22741
[2026-09-29 17:24:22] Primzahl: 22751
[2026-09-29 17:24:22] Primzahl: 22769
[2026-09-29 17:24:22] Primzahl: 22777
[2026-09-29 17:24:22] Primzahl: 22783
[2026-09-29 17:24:22] Primzahl: 22787
[2026-09-29 17:24:22] Primzahl: 22807
[2026-09-29 17:24:22] Primzahl: 22811
[2026-09-29 17:24:22] Primzahl: 22817
[2026-09-29 17:24:22] Primzahl: 22853
[2026-09-29 17:24:22] Primzahl: 22859
[2026-09-29 17:24:22] Zwilling: 22859, 22861
[2026-09-29 17:24:22] Primzahl: 22861
[2026-09-29 17:24:22] Primzahl: 22871
[2026-09-29 17:24:22] Primzahl: 22877
[2026-09-29 17:24:22] Primzahl: 22901
[2026-09-29 17:24:22] Primzahl: 22907
[2026-09-29 17:24:22] Primzahl: 22921
[2026-09-29 17:24:22] Primzahl: 22937
[2026-09-29 17:24:22] Primzahl: 22943
[2026-09-29 17:24:22] Primzahl: 22961
[2026-09-29 17:24:22] Zwilling: 22961, 22963
[2026-09-29 17:24:22] Primzahl: 22963
[2026-09-29 17:24:22] Primzahl: 22973
[2026-09-29 17:24:22] Primzahl: 22993
[2026-09-29 17:24:22] Primzahl: 23003
[2026-09-29 17:24:22] Primzahl: 23011
[2026-09-29 17:24:22] Primzahl: 23017
[2026-09-29 17:24:22] Primzahl: 23021
[2026-09-29 17:24:22] Primzahl: 23027
[2026-09-29 17:24:22] Zwilling: 23027, 23029
[2026-09-29 17:24:22] Primzahl: 23029
[2026-09-29 17:24:22] Primzahl: 23039
[2026-09-29 17:24:22] Zwilling: 23039, 23041
[2026-09-29 17:24:22] Primzahl: 23041
[2026-09-29 17:24:22] Primzahl: 23053
[2026-09-29 17:24:22] Trilling: 23053, 23057, 23059
[2026-09-29 17:24:22] Primzahl: 23057
[2026-09-29 17:24:22] Zwilling: 23057, 23059
[2026-09-29 17:24:22] Trilling: 23057, 23059, 23063
[2026-09-29 17:24:22] Primzahl: 23059
[2026-09-29 17:24:22] Primzahl: 23063
[2026-09-29 17:24:22] Primzahl: 23071
[2026-09-29 17:24:22] Primzahl: 23081
[2026-09-29 17:24:22] Primzahl: 23087
[2026-09-29 17:24:22] Primzahl: 23099
[2026-09-29 17:24:22] Primzahl: 23117
[2026-09-29 17:24:22] Primzahl: 23131
[2026-09-29 17:24:22] Primzahl: 23143
[2026-09-29 17:24:22] Primzahl: 23159
[2026-09-29 17:24:22] Primzahl: 23167
[2026-09-29 17:24:22] Primzahl: 23173
[2026-09-29 17:24:22] Primzahl: 23189
[2026-09-29 17:24:22] Primzahl: 23197
[2026-09-29 17:24:22] Trilling: 23197, 23201, 23203
[2026-09-29 17:24:22] Primzahl: 23201
[2026-09-29 17:24:22] Zwilling: 23201, 23203
[2026-09-29 17:24:22] Primzahl: 23203
[2026-09-29 17:24:22] Primzahl: 23209
[2026-09-29 17:24:22] Primzahl: 23227
[2026-09-29 17:24:22] Primzahl: 23251
[2026-09-29 17:24:22] Primzahl: 23269
[2026-09-29 17:24:22] Primzahl: 23279
[2026-09-29 17:24:22] Primzahl: 23291
[2026-09-29 17:24:22] Zwilling: 23291, 23293
[2026-09-29 17:24:22] Trilling: 23291, 23293, 23297
[2026-09-29 17:24:22] Primzahl: 23293
[2026-09-29 17:24:22] Primzahl: 23297
[2026-09-29 17:24:22] Primzahl: 23311
[2026-09-29 17:24:22] Primzahl: 23321
[2026-09-29 17:24:22] Primzahl: 23327
[2026-09-29 17:24:22] Primzahl: 23333
[2026-09-29 17:24:22] Primzahl: 23339
[2026-09-29 17:24:22] Primzahl: 23357
[2026-09-29 17:24:22] Primzahl: 23369
[2026-09-29 17:24:22] Zwilling: 23369, 23371
[2026-09-29 17:24:22] Primzahl: 23371
[2026-09-29 17:24:22] Primzahl: 23399
[2026-09-29 17:24:22] Primzahl: 23417
[2026-09-29 17:24:22] Primzahl: 23431
[2026-09-29 17:24:22] Primzahl: 23447
[2026-09-29 17:24:22] Primzahl: 23459
[2026-09-29 17:24:22] Primzahl: 23473
[2026-09-29 17:24:22] Primzahl: 23497
[2026-09-29 17:24:22] Primzahl: 23509
[2026-09-29 17:24:23] Primzahl: 23531
[2026-09-29 17:24:23] Primzahl: 23537
[2026-09-29 17:24:23] Zwilling: 23537, 23539
[2026-09-29 17:24:23] Primzahl: 23539
[2026-09-29 17:24:23] Primzahl: 23549
[2026-09-29 17:24:23] Primzahl: 23557
[2026-09-29 17:24:23] Trilling: 23557, 23561, 23563
[2026-09-29 17:24:23] Primzahl: 23561
[2026-09-29 17:24:23] Zwilling: 23561, 23563
[2026-09-29 17:24:23] Trilling: 23561, 23563, 23567
[2026-09-29 17:24:23] Primzahl: 23563
[2026-09-29 17:24:23] Primzahl: 23567
[2026-09-29 17:24:23] Primzahl: 23581
[2026-09-29 17:24:23] Primzahl: 23593
[2026-09-29 17:24:23] Primzahl: 23599
[2026-09-29 17:24:23] Primzahl: 23603
[2026-09-29 17:24:23] Primzahl: 23609
[2026-09-29 17:24:23] Primzahl: 23623
[2026-09-29 17:24:23] Trilling: 23623, 23627, 23629
[2026-09-29 17:24:23] Primzahl: 23627
[2026-09-29 17:24:23] Zwilling: 23627, 23629
[2026-09-29 17:24:23] Trilling: 23627, 23629, 23633
[2026-09-29 17:24:23] Primzahl: 23629
[2026-09-29 17:24:23] Primzahl: 23633
[2026-09-29 17:24:23] Primzahl: 23663
[2026-09-29 17:24:23] Primzahl: 23669
[2026-09-29 17:24:23] Zwilling: 23669, 23671
[2026-09-29 17:24:23] Primzahl: 23671
[2026-09-29 17:24:23] Primzahl: 23677
[2026-09-29 17:24:23] Primzahl: 23687
[2026-09-29 17:24:23] Zwilling: 23687, 23689
[2026-09-29 17:24:23] Primzahl: 23689
[2026-09-29 17:24:23] Primzahl: 23719
[2026-09-29 17:24:23] Primzahl: 23741
[2026-09-29 17:24:23] Zwilling: 23741, 23743
[2026-09-29 17:24:23] Trilling: 23741, 23743, 23747
[2026-09-29 17:24:23] Primzahl: 23743
[2026-09-29 17:24:23] Primzahl: 23747
[2026-09-29 17:24:23] Primzahl: 23753
[2026-09-29 17:24:23] Primzahl: 23761
[2026-09-29 17:24:23] Primzahl: 23767
[2026-09-29 17:24:23] Primzahl: 23773
[2026-09-29 17:24:23] Primzahl: 23789
[2026-09-29 17:24:23] Primzahl: 23801
[2026-09-29 17:24:23] Primzahl: 23813
[2026-09-29 17:24:23] Primzahl: 23819
[2026-09-29 17:24:23] Primzahl: 23827
[2026-09-29 17:24:23] Trilling: 23827, 23831, 23833
[2026-09-29 17:24:23] Primzahl: 23831
[2026-09-29 17:24:23] Zwilling: 23831, 23833
[2026-09-29 17:24:23] Primzahl: 23833
[2026-09-29 17:24:23] Primzahl: 23857
[2026-09-29 17:24:23] Primzahl: 23869
[2026-09-29 17:24:23] Primzahl: 23873
[2026-09-29 17:24:23] Primzahl: 23879
[2026-09-29 17:24:23] Primzahl: 23887
[2026-09-29 17:24:23] Primzahl: 23893
[2026-09-29 17:24:23] Primzahl: 23899
[2026-09-29 17:24:23] Primzahl: 23909
[2026-09-29 17:24:23] Zwilling: 23909, 23911
[2026-09-29 17:24:23] Primzahl: 23911
[2026-09-29 17:24:23] Primzahl: 23917
[2026-09-29 17:24:23] Primzahl: 23929
[2026-09-29 17:24:23] Primzahl: 23957
[2026-09-29 17:24:23] Primzahl: 23971
[2026-09-29 17:24:23] Primzahl: 23977
[2026-09-29 17:24:23] Primzahl: 23981
[2026-09-29 17:24:23] Primzahl: 23993
[2026-09-29 17:24:23] Primzahl: 24001
[2026-09-29 17:24:23] Primzahl: 24007
[2026-09-29 17:24:23] Primzahl: 24019
[2026-09-29 17:24:23] Primzahl: 24023
[2026-09-29 17:24:23] Primzahl: 24029
[2026-09-29 17:24:23] Primzahl: 24043
[2026-09-29 17:24:23] Primzahl: 24049
[2026-09-29 17:24:23] Primzahl: 24061
[2026-09-29 17:24:23] Primzahl: 24071
[2026-09-29 17:24:23] Primzahl: 24077
[2026-09-29 17:24:23] Primzahl: 24083
[2026-09-29 17:24:23] Primzahl: 24091
[2026-09-29 17:24:23] Primzahl: 24097
[2026-09-29 17:24:23] Primzahl: 24103
[2026-09-29 17:24:23] Trilling: 24103, 24107, 24109
[2026-09-29 17:24:23] Primzahl: 24107
[2026-09-29 17:24:23] Zwilling: 24107, 24109
[2026-09-29 17:24:23] Trilling: 24107, 24109, 24113
[2026-09-29 17:24:23] Primzahl: 24109
[2026-09-29 17:24:23] Primzahl: 24113
[2026-09-29 17:24:23] Primzahl: 24121
[2026-09-29 17:24:23] Primzahl: 24133
[2026-09-29 17:24:23] Primzahl: 24137
[2026-09-29 17:24:23] Primzahl: 24151
[2026-09-29 17:24:23] Primzahl: 24169
[2026-09-29 17:24:23] Primzahl: 24179
[2026-09-29 17:24:23] Zwilling: 24179, 24181
[2026-09-29 17:24:23] Primzahl: 24181
[2026-09-29 17:24:23] Primzahl: 24197
[2026-09-29 17:24:23] Primzahl: 24203
[2026-09-29 17:24:23] Primzahl: 24223
[2026-09-29 17:24:23] Primzahl: 24229
[2026-09-29 17:24:23] Primzahl: 24239
[2026-09-29 17:24:23] Primzahl: 24247
[2026-09-29 17:24:23] Primzahl: 24251
[2026-09-29 17:24:23] Primzahl: 24281
[2026-09-29 17:24:23] Primzahl: 24317
[2026-09-29 17:24:23] Primzahl: 24329
[2026-09-29 17:24:23] Primzahl: 24337
[2026-09-29 17:24:23] Primzahl: 24359
[2026-09-29 17:24:23] Primzahl: 24371
[2026-09-29 17:24:23] Zwilling: 24371, 24373
[2026-09-29 17:24:23] Primzahl: 24373
[2026-09-29 17:24:23] Primzahl: 24379
[2026-09-29 17:24:24] Primzahl: 24391
[2026-09-29 17:24:24] Primzahl: 24407
[2026-09-29 17:24:24] Primzahl: 24413
[2026-09-29 17:24:24] Primzahl: 24419
[2026-09-29 17:24:24] Zwilling: 24419, 24421
[2026-09-29 17:24:24] Primzahl: 24421
[2026-09-29 17:24:24] Primzahl: 24439
[2026-09-29 17:24:24] Primzahl: 24443
[2026-09-29 17:24:24] Primzahl: 24469
[2026-09-29 17:24:24] Primzahl: 24473
[2026-09-29 17:24:24] Primzahl: 24481
[2026-09-29 17:24:24] Primzahl: 24499
[2026-09-29 17:24:24] Primzahl: 24509
[2026-09-29 17:24:24] Primzahl: 24517
[2026-09-29 17:24:24] Primzahl: 24527
[2026-09-29 17:24:24] Primzahl: 24533
[2026-09-29 17:24:24] Primzahl: 24547
[2026-09-29 17:24:24] Primzahl: 24551
[2026-09-29 17:24:24] Primzahl: 24571
[2026-09-29 17:24:24] Primzahl: 24593
[2026-09-29 17:24:24] Primzahl: 24611
[2026-09-29 17:24:24] Primzahl: 24623
[2026-09-29 17:24:24] Primzahl: 24631
[2026-09-29 17:24:24] Primzahl: 24659
[2026-09-29 17:24:24] Primzahl: 24671
[2026-09-29 17:24:24] Primzahl: 24677
[2026-09-29 17:24:24] Primzahl: 24683
[2026-09-29 17:24:24] Primzahl: 24691
[2026-09-29 17:24:24] Primzahl: 24697
[2026-09-29 17:24:24] Primzahl: 24709
[2026-09-29 17:24:24] Primzahl: 24733
[2026-09-29 17:24:24] Primzahl: 24749
[2026-09-29 17:24:24] Primzahl: 24763
[2026-09-29 17:24:24] Primzahl: 24767
[2026-09-29 17:24:24] Primzahl: 24781
[2026-09-29 17:24:24] Primzahl: 24793
[2026-09-29 17:24:24] Primzahl: 24799
[2026-09-29 17:24:24] Primzahl: 24809
[2026-09-29 17:24:24] Primzahl: 24821
[2026-09-29 17:24:24] Primzahl: 24841
[2026-09-29 17:24:24] Primzahl: 24847
[2026-09-29 17:24:24] Primzahl: 24851
[2026-09-29 17:24:24] Primzahl: 24859
[2026-09-29 17:24:24] Primzahl: 24877
[2026-09-29 17:24:24] Primzahl: 24889
[2026-09-29 17:24:24] Primzahl: 24907
[2026-09-29 17:24:24] Primzahl: 24917
[2026-09-29 17:24:24] Zwilling: 24917, 24919
[2026-09-29 17:24:24] Trilling: 24917, 24919, 24923
[2026-09-29 17:24:24] Primzahl: 24919
[2026-09-29 17:24:24] Primzahl: 24923
[2026-09-29 17:24:24] Primzahl: 24943
[2026-09-29 17:24:24] Primzahl: 24953
[2026-09-29 17:24:24] Primzahl: 24967
[2026-09-29 17:24:24] Primzahl: 24971
[2026-09-29 17:24:24] Primzahl: 24977
[2026-09-29 17:24:24] Zwilling: 24977, 24979
[2026-09-29 17:24:24] Primzahl: 24979
[2026-09-29 17:24:24] Primzahl: 24989
[2026-09-29 17:24:24] Primzahl: 25013
[2026-09-29 17:24:24] Primzahl: 25031
[2026-09-29 17:24:24] Zwilling: 25031, 25033
[2026-09-29 17:24:24] Trilling: 25031, 25033, 25037
[2026-09-29 17:24:24] Primzahl: 25033
[2026-09-29 17:24:24] Primzahl: 25037
[2026-09-29 17:24:24] Primzahl: 25057
[2026-09-29 17:24:24] Primzahl: 25073
[2026-09-29 17:24:24] Primzahl: 25087
[2026-09-29 17:24:24] Primzahl: 25097
[2026-09-29 17:24:24] Primzahl: 25111
[2026-09-29 17:24:24] Primzahl: 25117
[2026-09-29 17:24:24] Primzahl: 25121
[2026-09-29 17:24:24] Primzahl: 25127
[2026-09-29 17:24:24] Primzahl: 25147
[2026-09-29 17:24:24] Primzahl: 25153
[2026-09-29 17:24:24] Primzahl: 25163
[2026-09-29 17:24:24] Primzahl: 25169
[2026-09-29 17:24:24] Zwilling: 25169, 25171
[2026-09-29 17:24:24] Primzahl: 25171
[2026-09-29 17:24:24] Primzahl: 25183
[2026-09-29 17:24:24] Primzahl: 25189
[2026-09-29 17:24:24] Primzahl: 25219
[2026-09-29 17:24:24] Primzahl: 25229
[2026-09-29 17:24:24] Primzahl: 25237
[2026-09-29 17:24:24] Primzahl: 25243
[2026-09-29 17:24:24] Primzahl: 25247
[2026-09-29 17:24:24] Primzahl: 25253
[2026-09-29 17:24:24] Primzahl: 25261
[2026-09-29 17:24:24] Primzahl: 25301
[2026-09-29 17:24:24] Zwilling: 25301, 25303
[2026-09-29 17:24:24] Trilling: 25301, 25303, 25307
[2026-09-29 17:24:24] Vierling: 25301, 25303, 25307, 25309
[2026-09-29 17:24:24] Primzahl: 25303
[2026-09-29 17:24:24] Trilling: 25303, 25307, 25309
[2026-09-29 17:24:24] Primzahl: 25307
[2026-09-29 17:24:24] Zwilling: 25307, 25309
[2026-09-29 17:24:24] Primzahl: 25309
[2026-09-29 17:24:24] Primzahl: 25321
[2026-09-29 17:24:24] Primzahl: 25339
[2026-09-29 17:24:24] Primzahl: 25343
[2026-09-29 17:24:25] Primzahl: 25349
[2026-09-29 17:24:25] Primzahl: 25357
[2026-09-29 17:24:25] Primzahl: 25367
[2026-09-29 17:24:25] Primzahl: 25373
[2026-09-29 17:24:25] Primzahl: 25391
[2026-09-29 17:24:25] Primzahl: 25409
[2026-09-29 17:24:25] Zwilling: 25409, 25411
[2026-09-29 17:24:25] Primzahl: 25411
[2026-09-29 17:24:25] Primzahl: 25423
[2026-09-29 17:24:25] Primzahl: 25439
[2026-09-29 17:24:25] Primzahl: 25447
[2026-09-29 17:24:25] Primzahl: 25453
[2026-09-29 17:24:25] Primzahl: 25457
[2026-09-29 17:24:25] Primzahl: 25463
[2026-09-29 17:24:25] Primzahl: 25469
[2026-09-29 17:24:25] Zwilling: 25469, 25471
[2026-09-29 17:24:25] Primzahl: 25471
[2026-09-29 17:24:25] Primzahl: 25523
[2026-09-29 17:24:25] Primzahl: 25537
[2026-09-29 17:24:25] Primzahl: 25541
[2026-09-29 17:24:25] Primzahl: 25561
[2026-09-29 17:24:25] Primzahl: 25577
[2026-09-29 17:24:25] Zwilling: 25577, 25579
[2026-09-29 17:24:25] Trilling: 25577, 25579, 25583
[2026-09-29 17:24:25] Primzahl: 25579
[2026-09-29 17:24:25] Primzahl: 25583
[2026-09-29 17:24:25] Primzahl: 25589
[2026-09-29 17:24:25] Primzahl: 25601
[2026-09-29 17:24:25] Zwilling: 25601, 25603
[2026-09-29 17:24:25] Primzahl: 25603
[2026-09-29 17:24:25] Primzahl: 25609
[2026-09-29 17:24:25] Primzahl: 25621
[2026-09-29 17:24:25] Primzahl: 25633
[2026-09-29 17:24:25] Primzahl: 25639
[2026-09-29 17:24:25] Primzahl: 25643
[2026-09-29 17:24:25] Primzahl: 25657
[2026-09-29 17:24:25] Primzahl: 25667
[2026-09-29 17:24:25] Primzahl: 25673
[2026-09-29 17:24:25] Primzahl: 25679
[2026-09-29 17:24:25] Primzahl: 25693
[2026-09-29 17:24:25] Primzahl: 25703
[2026-09-29 17:24:25] Primzahl: 25717
[2026-09-29 17:24:25] Primzahl: 25733
[2026-09-29 17:24:25] Primzahl: 25741
[2026-09-29 17:24:25] Primzahl: 25747
[2026-09-29 17:24:25] Primzahl: 25759
[2026-09-29 17:24:25] Primzahl: 25763
[2026-09-29 17:24:25] Primzahl: 25771
[2026-09-29 17:24:25] Primzahl: 25793
[2026-09-29 17:24:25] Primzahl: 25799
[2026-09-29 17:24:25] Zwilling: 25799, 25801
[2026-09-29 17:24:25] Primzahl: 25801
[2026-09-29 17:24:25] Primzahl: 25819
[2026-09-29 17:24:25] Primzahl: 25841
[2026-09-29 17:24:25] Primzahl: 25847
[2026-09-29 17:24:25] Zwilling: 25847, 25849
[2026-09-29 17:24:25] Primzahl: 25849
[2026-09-29 17:24:25] Primzahl: 25867
[2026-09-29 17:24:25] Primzahl: 25873
[2026-09-29 17:24:25] Primzahl: 25889
[2026-09-29 17:24:25] Primzahl: 25903
[2026-09-29 17:24:25] Primzahl: 25913
[2026-09-29 17:24:25] Primzahl: 25919
[2026-09-29 17:24:25] Primzahl: 25931
[2026-09-29 17:24:25] Zwilling: 25931, 25933
[2026-09-29 17:24:25] Primzahl: 25933
[2026-09-29 17:24:25] Primzahl: 25939
[2026-09-29 17:24:25] Primzahl: 25943
[2026-09-29 17:24:25] Primzahl: 25951
[2026-09-29 17:24:25] Primzahl: 25969
[2026-09-29 17:24:25] Primzahl: 25981
[2026-09-29 17:24:25] Primzahl: 25997
[2026-09-29 17:24:25] Zwilling: 25997, 25999
[2026-09-29 17:24:25] Trilling: 25997, 25999, 26003
[2026-09-29 17:24:25] Primzahl: 25999
[2026-09-29 17:24:25] Primzahl: 26003
[2026-09-29 17:24:25] Primzahl: 26017
[2026-09-29 17:24:25] Primzahl: 26021
[2026-09-29 17:24:25] Primzahl: 26029
[2026-09-29 17:24:25] Primzahl: 26041
[2026-09-29 17:24:25] Primzahl: 26053
[2026-09-29 17:24:25] Primzahl: 26083
[2026-09-29 17:24:25] Primzahl: 26099
[2026-09-29 17:24:25] Primzahl: 26107
[2026-09-29 17:24:25] Trilling: 26107, 26111, 26113
[2026-09-29 17:24:26] Primzahl: 26111
[2026-09-29 17:24:26] Zwilling: 26111, 26113
